path	bytes	sha256	git_blob	provenance_class	license_requirement
docs/graphics-v2/pipeline-experiments/grove-target-extruded-blockout.png	38767	3e061d697652f71f8b0d50c996aae2d264f5f7551fd59ede1794f484b32c2209	9e74e510b6a332854457de438506cdb5b4719adb	derived-control-or-analysis	retain-NLS-CC-BY-where-map-derived-and-project-sidecar
docs/graphics-v2/pipeline-experiments/grove-target-ink-mask.png	237480	4ff89987730bce99a760e75aa8de70d524574d27a903ce61654227a470da215a	4a1aa30c1913295680dbb20f4314bddf443cb725	derived-control-or-analysis	retain-NLS-CC-BY-where-map-derived-and-project-sidecar
docs/graphics-v2/pipeline-experiments/grove-target-oblique-raw-warp.png	1520468	a3e33cd2df34834d9c85f29089ae4d0585dcdec8329ef9536e1053415d45745d	704691a5824aa23769158ada2f1f45a3ce6362f4	derived-control-or-analysis	retain-NLS-CC-BY-where-map-derived-and-project-sidecar
docs/graphics-v2/pipeline-experiments/grove-target-semantic-mask.png	46980	2d1f6cfe835a087840fee55dab3f691d38993d7824836694bced0c672a40d2fc	c38a16135dd315cb979a0349fb592ce78636d7a8	derived-control-or-analysis	retain-NLS-CC-BY-where-map-derived-and-project-sidecar
docs/graphics-v2/pipeline-experiments/grove-target-v2-extruded-blockout.png	39172	2e0448bb74d3e3963c3fa42127fae6bb5b2d6a2ca1512d414f3d53999c04ad4b	23a16eb372db2a984a870e230fc597155f3930cc	derived-control-or-analysis	retain-NLS-CC-BY-where-map-derived-and-project-sidecar
docs/graphics-v2/pipeline-experiments/grove-target-v2-ink-mask.png	237480	4ff89987730bce99a760e75aa8de70d524574d27a903ce61654227a470da215a	4a1aa30c1913295680dbb20f4314bddf443cb725	derived-control-or-analysis	retain-NLS-CC-BY-where-map-derived-and-project-sidecar
docs/graphics-v2/pipeline-experiments/grove-target-v2-oblique-raw-warp.png	1520468	a3e33cd2df34834d9c85f29089ae4d0585dcdec8329ef9536e1053415d45745d	704691a5824aa23769158ada2f1f45a3ce6362f4	derived-control-or-analysis	retain-NLS-CC-BY-where-map-derived-and-project-sidecar
docs/graphics-v2/pipeline-experiments/grove-target-v2-semantic-mask.png	47596	e915160955b220c2a15428992e3b6eaa67c45fa761e00a920eace06c63fdb2fb	b58361812f3743f3089cc1696df3faa096a33752	derived-control-or-analysis	retain-NLS-CC-BY-where-map-derived-and-project-sidecar
docs/graphics-v2/pipeline-experiments/grove-target-v3-extruded-blockout.png	39075	e2db2f080a2601dedc241786fad0a83abfdc4840cc350042109eebd7603b1a40	491d5a7faf5a2fa3c338819365b284294abd2e9a	derived-control-or-analysis	retain-NLS-CC-BY-where-map-derived-and-project-sidecar
docs/graphics-v2/pipeline-experiments/grove-target-v3-ink-mask.png	237480	4ff89987730bce99a760e75aa8de70d524574d27a903ce61654227a470da215a	4a1aa30c1913295680dbb20f4314bddf443cb725	derived-control-or-analysis	retain-NLS-CC-BY-where-map-derived-and-project-sidecar
docs/graphics-v2/pipeline-experiments/grove-target-v3-oblique-raw-warp.png	1520468	a3e33cd2df34834d9c85f29089ae4d0585dcdec8329ef9536e1053415d45745d	704691a5824aa23769158ada2f1f45a3ce6362f4	derived-control-or-analysis	retain-NLS-CC-BY-where-map-derived-and-project-sidecar
docs/graphics-v2/pipeline-experiments/grove-target-v3-semantic-mask.png	47888	8e0b92882e4651d53b93adc78a92aecb6e28cbb8d7ecb5ad8983a4ef05df9853	b121117985b3ca63f479a0aefc69fb8d3841a7bb	derived-control-or-analysis	retain-NLS-CC-BY-where-map-derived-and-project-sidecar
docs/graphics-v2/pipeline-experiments/grove-target-v4-extruded-blockout.png	39075	e2db2f080a2601dedc241786fad0a83abfdc4840cc350042109eebd7603b1a40	491d5a7faf5a2fa3c338819365b284294abd2e9a	derived-control-or-analysis	retain-NLS-CC-BY-where-map-derived-and-project-sidecar
docs/graphics-v2/pipeline-experiments/grove-target-v4-ink-mask.png	237480	4ff89987730bce99a760e75aa8de70d524574d27a903ce61654227a470da215a	4a1aa30c1913295680dbb20f4314bddf443cb725	derived-control-or-analysis	retain-NLS-CC-BY-where-map-derived-and-project-sidecar
docs/graphics-v2/pipeline-experiments/grove-target-v4-linework-control.png	30873	612c68ab0e6d533b9e19190c368253eec613835fa70302046778dfe9acee6e18	789fc561ef868f07fdd2e43a171ec0814deab7d0	derived-control-or-analysis	retain-NLS-CC-BY-where-map-derived-and-project-sidecar
docs/graphics-v2/pipeline-experiments/grove-target-v4-oblique-ink-warp.png	198520	4e731703c6a8025dbc970d1c8b3d9f0a212dfe9839734edd809ab1dd4126f5e7	27922da4581fcbec3c7b31082a6b8ac7e389ad85	derived-control-or-analysis	retain-NLS-CC-BY-where-map-derived-and-project-sidecar
docs/graphics-v2/pipeline-experiments/grove-target-v4-oblique-raw-warp.png	1520468	a3e33cd2df34834d9c85f29089ae4d0585dcdec8329ef9536e1053415d45745d	704691a5824aa23769158ada2f1f45a3ce6362f4	derived-control-or-analysis	retain-NLS-CC-BY-where-map-derived-and-project-sidecar
docs/graphics-v2/pipeline-experiments/grove-target-v4-semantic-mask.png	47888	8e0b92882e4651d53b93adc78a92aecb6e28cbb8d7ecb5ad8983a4ef05df9853	b121117985b3ca63f479a0aefc69fb8d3841a7bb	derived-control-or-analysis	retain-NLS-CC-BY-where-map-derived-and-project-sidecar
docs/graphics-v2/pipeline-experiments/idea-a-map-only.png	2798690	ba0c462b4e63ea27bf5bf76cf1fe289a9cfc302c7c5e9a7fde788af3deb5175a	18710a9e16e6b0ab1aa66a4f35c9d35ed492f7ec	generated-render-or-review-artifact	retain-project-prompt-report-provenance-and-NLS-attribution-where-map-derived
docs/graphics-v2/pipeline-experiments/idea-aa-beechwood-direct-control-low-camera.png	3404807	10dda0d3adf002a59502038666456a32dfb99cbca55e24861cbb44f37dcbdf2d	b6d4b83710df9859fb19fcbcea171a5a342fe36c	derived-control-or-analysis	retain-NLS-CC-BY-where-map-derived-and-project-sidecar
docs/graphics-v2/pipeline-experiments/idea-aa-grove-direct-control-low-camera.png	3308482	51fe9a430ad9c78aa138e8645154098f22e4f19675e857f02f56cce799bb70fd	7baeca601664356ce7076dd1e4724708130e4b11	derived-control-or-analysis	retain-NLS-CC-BY-where-map-derived-and-project-sidecar
docs/graphics-v2/pipeline-experiments/idea-ac-beechwood-direct-control-clean-style.png	3093397	4e9bf5f1d9b38a2b8acf48be042cf83e6c8c05e0ff677b0778a8ead3d931759d	5c4b2921a6f8fa0cb986e3c6d14262398cc4fb4a	derived-control-or-analysis	retain-NLS-CC-BY-where-map-derived-and-project-sidecar
docs/graphics-v2/pipeline-experiments/idea-ac-grove-direct-control-clean-style.png	3402467	b9060339947d74f637614b011988950d359eeb9a73d9c2ec8b6bf71387ba58a8	6a55404c3929a8d3a93518df9590e8ca2fac404e	derived-control-or-analysis	retain-NLS-CC-BY-where-map-derived-and-project-sidecar
docs/graphics-v2/pipeline-experiments/idea-ad-beechwood-ac-bounded-notebook-refine.png	3104829	5ffacd1ad4d0bb7df65b8272ff483d157a6a108f0a19cb85cee9b17b24d00b94	5ede29010d5351324182440402b4cfd03e690ab6	generated-render-or-review-artifact	retain-project-prompt-report-provenance-and-NLS-attribution-where-map-derived
docs/graphics-v2/pipeline-experiments/idea-ad-grove-ac-bounded-notebook-refine.png	3309055	57190460b4b7cd96470c90c0be8e240c7dde19ba425721e46ec57f3a0556b8d0	c5e0260b7cadd0a2ab8040ea5a5955a51cdbeec6	generated-render-or-review-artifact	retain-project-prompt-report-provenance-and-NLS-attribution-where-map-derived
docs/graphics-v2/pipeline-experiments/idea-ae-beechwood-core-control-oblique-raw-warp.png	1266286	31d8e59247600cb497a0a1530aaf0395ed915a02a89c88cb2fb9eb295ad3cbd6	9fec3af891bba821795c2f6eeb26648fe66030c2	derived-control-or-analysis	retain-NLS-CC-BY-where-map-derived-and-project-sidecar
docs/graphics-v2/pipeline-experiments/idea-ae-beechwood-core-control-v2-oblique-raw-warp.png	1438820	644c4eecc6aa8641695498824ffe858586e7d4cf956e1f048b213ce4e1d6bb5d	a077868be4f9b48f23273d4ae07fd0f491d2dada	derived-control-or-analysis	retain-NLS-CC-BY-where-map-derived-and-project-sidecar
docs/graphics-v2/pipeline-experiments/idea-ae-beechwood-core-control-v2.png	1832882	725fb2cdaa1b782d27a29866830a71358e2b77360fffed5af42054719609091a	1fdf04b5cfb3232c3a709a809dd935da2a019e2a	derived-control-or-analysis	retain-NLS-CC-BY-where-map-derived-and-project-sidecar
docs/graphics-v2/pipeline-experiments/idea-ae-beechwood-core-control.png	1368606	2587bbf7a7608aff4011d95028c0e7280160d2f66ade41f618cf437debe9ad06	efbfc2faa8cb6fa86ca536ec7f1a499245477d38	derived-control-or-analysis	retain-NLS-CC-BY-where-map-derived-and-project-sidecar
docs/graphics-v2/pipeline-experiments/idea-ae-beechwood-core-direct-clean-style.png	3522514	3fce257b9847413923f603c014668c614020aac2ebc0ad39fea2fd3f6803e2bb	c3b0e2a50b00b40089619530b006ecee125e6122	generated-render-or-review-artifact	retain-project-prompt-report-provenance-and-NLS-attribution-where-map-derived
docs/graphics-v2/pipeline-experiments/idea-ae-grove-core-control-oblique-raw-warp.png	1274810	f3a6da8065ee83946c6e2990383a9cb8049f329f2e3e172d8960f8eae91217b0	0ae68233ab38a39119bbf9591ae0d4aca53c03e5	derived-control-or-analysis	retain-NLS-CC-BY-where-map-derived-and-project-sidecar
docs/graphics-v2/pipeline-experiments/idea-ae-grove-core-control.png	1398652	73dcd95105052b83f1162ab90755056abbc74197b2592859b1b793cf43b7c8e7	09943bbbd33f1c8c1dbbafdad38e5ec899c01fe5	derived-control-or-analysis	retain-NLS-CC-BY-where-map-derived-and-project-sidecar
docs/graphics-v2/pipeline-experiments/idea-ae-grove-core-direct-clean-style.png	3478227	abdea3cca7ca971fe0b07ab70fca7752f05ff42a5ab6f6ed339a741fe1c37f39	e2d8d05470548985b3ae19922277f18eca4ab361	generated-render-or-review-artifact	retain-project-prompt-report-provenance-and-NLS-attribution-where-map-derived
docs/graphics-v2/pipeline-experiments/idea-af-beechwood-ae-roof-nub-cleanup.png	3765644	db1a3369e0dbb615ad8d0cb6d578defa5e875df1534adf7e819e491cac4ca9c0	d0432c4b2eff68a343f327c06422ccfafdaef17c	generated-render-or-review-artifact	retain-project-prompt-report-provenance-and-NLS-attribution-where-map-derived
docs/graphics-v2/pipeline-experiments/idea-af-grove-ae-roof-nub-cleanup.png	3560475	caa338d8dc46df203500935a9d012a3be4d0828a81009902281ad0fc712db444	57d823fab04628834a1258f25ba93da79d7fbd88	generated-render-or-review-artifact	retain-project-prompt-report-provenance-and-NLS-attribution-where-map-derived
docs/graphics-v2/pipeline-experiments/idea-ag-beechwood-af-door-threshold-repair.png	3862961	8e539b8d168e79c97ba18d710ecbc71c8eddd273ed4d29366b08151c4a4ccae3	2c30b81c07f994860b58ba4a1f7046d5f7176d42	generated-render-or-review-artifact	retain-project-prompt-report-provenance-and-NLS-attribution-where-map-derived
docs/graphics-v2/pipeline-experiments/idea-ah-kilteevan-third-control-extruded-blockout.png	32843	a1b0ef5bc5ed95b8b005b7760e40076f05d089c2350691d4aa1909154ab596ae	c9ff1cf8ea2cb8c2fe4d1b3e33ff4abd93fb9f45	derived-control-or-analysis	retain-NLS-CC-BY-where-map-derived-and-project-sidecar
docs/graphics-v2/pipeline-experiments/idea-ah-kilteevan-third-control-ink-mask.png	85279	a206254861c1a5485b3f90e0aac402495cb4aa6972a0aab86b0d5bcc73e5bf88	54414136a93be3614f60a872baa334931bee6ceb	derived-control-or-analysis	retain-NLS-CC-BY-where-map-derived-and-project-sidecar
docs/graphics-v2/pipeline-experiments/idea-ah-kilteevan-third-control-linework-control.png	25468	bf9fc22e2f3d255c1e7b42a854e1cb570d3cfc5a823ff036dac64d35ce94c9ef	ec9afd692cc71205635ea52bf15b7ab3c0da786f	derived-control-or-analysis	retain-NLS-CC-BY-where-map-derived-and-project-sidecar
docs/graphics-v2/pipeline-experiments/idea-ah-kilteevan-third-control-oblique-ink-warp.png	114825	915a835a3feb3951d6dac7d8b16cb1524d9071469196bb7db274ccb09c855ab4	c5088ee98d1f28c1608e16e09140047b46a3347c	derived-control-or-analysis	retain-NLS-CC-BY-where-map-derived-and-project-sidecar
docs/graphics-v2/pipeline-experiments/idea-ah-kilteevan-third-control-oblique-raw-warp.png	471099	7ed8744fc4ef1b5b7f58ea40a929a7a85384527c4e69dfc3745b678d2427f48b	298a77de3aa8c334810151aa059711a7101768b4	derived-control-or-analysis	retain-NLS-CC-BY-where-map-derived-and-project-sidecar
docs/graphics-v2/pipeline-experiments/idea-ah-kilteevan-third-control-semantic-mask.png	28857	fe093552a5186a12da17543893b266daf7831fb22c497f0e20da31894e3b6441	6961fe3f86eb3b1bec904767d93705eb57d360c9	derived-control-or-analysis	retain-NLS-CC-BY-where-map-derived-and-project-sidecar
docs/graphics-v2/pipeline-experiments/idea-ah-kilteevan-third-topology-direct.png	3455772	987abfc94f484d0dc18e388e17a3ea9cccc8495199d8bd0e47aba8162a6009c7	c1bd2e1919bdb84c4cd8fe32c3b06cfa3e172b24	generated-render-or-review-artifact	retain-project-prompt-report-provenance-and-NLS-attribution-where-map-derived
docs/graphics-v2/pipeline-experiments/idea-ah-kilteevan-z17-map-crop.png	377045	8bba7d3f51079251407d206136ae640a32981f16f5d49e197e8f228b241ccffa	4c30915553bbfc5d3cf2c1c7eb8b898ebae37742	nls-map-source-or-crop	CC-BY-NLS
docs/graphics-v2/pipeline-experiments/idea-ah-kilteevan-z17-mosaic.png	648778	b4fce614681e49d295b1921cbc96aa7e7921cd498e2f77ab8279fbb02aaf749a	1211444d675fb0cf947b8e9109affd478036e95c	nls-map-source-or-crop	CC-BY-NLS
docs/graphics-v2/pipeline-experiments/idea-ah-kilteevan-z17-tiles/17/62585/42310.png	47196	eac1016b765ea336198817db94731170edec572f0615b25543daf45ccee263e6	24e3f46ae8d6ac67169b90c4b019f3e6d220b519	nls-map-source-or-crop	CC-BY-NLS
docs/graphics-v2/pipeline-experiments/idea-ah-kilteevan-z17-tiles/17/62585/42311.png	49944	9ce19f75d54bd1781118208a9b21dff737d3adc8bd5d6c53d4c224cd89a8ed7b	bb1da68566d923e016be06c0bdbff379a6e393c8	nls-map-source-or-crop	CC-BY-NLS
docs/graphics-v2/pipeline-experiments/idea-ah-kilteevan-z17-tiles/17/62585/42312.png	46956	9f3ffd83ab0fa870f1edd8f75f864739b126d6fd57e50930c6deabaf18969e5c	ec4f01c06477ed27f6c8451b866d985f59b1580a	nls-map-source-or-crop	CC-BY-NLS
docs/graphics-v2/pipeline-experiments/idea-ah-kilteevan-z17-tiles/17/62586/42310.png	48568	43b03a419eadf6291c6822ed1f24c91560867174bf9c43ecc8fde77b1c5d9a13	aa44324940c14a348b883ebde52e5166e0b8816a	nls-map-source-or-crop	CC-BY-NLS
docs/graphics-v2/pipeline-experiments/idea-ah-kilteevan-z17-tiles/17/62586/42311.png	53337	692206413106b962abe33a2e48b210b03116ebbef6ba474f60c23cb2b3d7316f	eac447c715b1c71347bbbb8fd35c0d50c7f28590	nls-map-source-or-crop	CC-BY-NLS
docs/graphics-v2/pipeline-experiments/idea-ah-kilteevan-z17-tiles/17/62586/42312.png	47553	6da7488e68830742faab8ab117e9a4f10d4b8d153b8aa147384707c8a488b538	8111afc3e6b4a6641e7b661442990212fc877a4a	nls-map-source-or-crop	CC-BY-NLS
docs/graphics-v2/pipeline-experiments/idea-ah-kilteevan-z17-tiles/17/62587/42310.png	34625	899a5da52a36076269f0ec5dd134deaf342ad55f86c9b40a0732aa59080ccaeb	2894340e83b9e6739d936e53414fd6493429d8a6	nls-map-source-or-crop	CC-BY-NLS
docs/graphics-v2/pipeline-experiments/idea-ah-kilteevan-z17-tiles/17/62587/42311.png	39542	d48a468117f86ebb9c01a20cebf09b43df449ee6511eced0479812858ed6a9dc	920fd7c24bb305c8ee8ff1ca32fd7c58e470cb01	nls-map-source-or-crop	CC-BY-NLS
docs/graphics-v2/pipeline-experiments/idea-ah-kilteevan-z17-tiles/17/62587/42312.png	46001	693684899d5da5fc82a080a7af97d86f8586095df68c6fa54530cc0f05b4aaa7	f8c60d15ffa7a6910fa3f61fbc70fa7ec6d9b150	nls-map-source-or-crop	CC-BY-NLS
docs/graphics-v2/pipeline-experiments/idea-ai-a-kilteevan-boundary-roof-direct.png	3532335	7e6fac16baeef6120ec7e30812ac7ddb36ac418a360021b8a7fd806fa08a32bd	f66ecda4335dcefa45a6e2bc98bd13eb0a90aa47	generated-render-or-review-artifact	retain-project-prompt-report-provenance-and-NLS-attribution-where-map-derived
docs/graphics-v2/pipeline-experiments/idea-ai-b-kilteevan-cleanrefs-only-direct.png	3465856	53383b202c632806b1d8a1908d8ae9498f673ae60f46c4bbec1895508ce52cb1	ad00a65a3985fea9bfdaf74ddf98d447d8e08b13	generated-render-or-review-artifact	retain-project-prompt-report-provenance-and-NLS-attribution-where-map-derived
docs/graphics-v2/pipeline-experiments/idea-aj-kilteevan-dot-suppressed-no-admin-map-crop.png	355836	56a5c01dd2228ffb9310094e57c3b563926b19fbde82f57aadf6f819917c232f	5e7d9af68b02293833d470ead25b856e88e073c5	nls-map-source-or-crop	CC-BY-NLS
docs/graphics-v2/pipeline-experiments/idea-aj-kilteevan-dot-suppressed-no-admin-oblique-raw-warp.png	443495	4ea9fbff0d27583a6a64237dd40028978f9dd26ff53b35c0cd6f04b2f1c24b28	ef7335a25a31b2b0a91b5a1ad737bb896794af52	derived-control-or-analysis	retain-NLS-CC-BY-where-map-derived-and-project-sidecar
docs/graphics-v2/pipeline-experiments/idea-aj-kilteevan-dot-suppressed-suppression-overlay.png	391599	55140f6651d3a892635be2df9be2a9f09834d62e532e97474fe1f1b756bc7a84	d068d59cde36b49072073b2228cc86575aab1c54	derived-control-or-analysis	retain-NLS-CC-BY-where-map-derived-and-project-sidecar
docs/graphics-v2/pipeline-experiments/idea-aj2-kilteevan-dot-suppressed-no-admin-map-crop.png	369199	f6f2eb48a949afe0ea9e7805cd257c4005ea1cc396bde3cd6e8085f81bef6f11	5ee7a879a9cf964353864296c26a69519503a2fa	nls-map-source-or-crop	CC-BY-NLS
docs/graphics-v2/pipeline-experiments/idea-aj2-kilteevan-dot-suppressed-no-admin-oblique-raw-warp.png	460336	cefd109a7c5163791d007274de17b0701686a488577b51ce819a351dcfd07202	b07cbdc3078b5216cd1f05b3cadbaafff20cf018	derived-control-or-analysis	retain-NLS-CC-BY-where-map-derived-and-project-sidecar
docs/graphics-v2/pipeline-experiments/idea-aj2-kilteevan-dot-suppressed-suppression-overlay.png	386728	2f6fac20f788545f5a9f563dfe9b2a595277e1e305d0b8f0455f75e605923223	39ca5ce78de16d94a039454066dd39c4eec8bfe0	derived-control-or-analysis	retain-NLS-CC-BY-where-map-derived-and-project-sidecar
docs/graphics-v2/pipeline-experiments/idea-aj3-kilteevan-dot-suppressed-strip-no-admin-map-crop.png	358888	94a1bac8b75d13c82c4e184dfd2c60c74c7272fa9f6c2b322bce28a064199c7a	ad4114237a2e146d9f35cfea08f49e2ffa1dd39d	nls-map-source-or-crop	CC-BY-NLS
docs/graphics-v2/pipeline-experiments/idea-aj3-kilteevan-dot-suppressed-strip-no-admin-oblique-raw-warp.png	446311	8bf6d305a22c5129f131570375e39858919d8ebfbc33ba4d4013d3dea5bb2c79	9f777e1171febd2fc1dd468f932c67185e305673	derived-control-or-analysis	retain-NLS-CC-BY-where-map-derived-and-project-sidecar
docs/graphics-v2/pipeline-experiments/idea-aj3-kilteevan-dot-suppressed-strip-suppression-overlay.png	392294	0d0d8afac0830ca467bcf7d804bfd3262f5bb8bf15c58f9e75ca151d1e5a73e4	21ad01f1e9539084aa8fa14d6bd5061955a018fe	derived-control-or-analysis	retain-NLS-CC-BY-where-map-derived-and-project-sidecar
docs/graphics-v2/pipeline-experiments/idea-aj4-kilteevan-dot-suppressed-mainchains-no-admin-map-crop.png	367039	1ca89db0ea2e0443064ac1ff6db30e4b39ffad178cf7e3447ef602c72e87b337	e35594d29be1fd1f5b9e0628796e29f6ba6656db	nls-map-source-or-crop	CC-BY-NLS
docs/graphics-v2/pipeline-experiments/idea-aj4-kilteevan-dot-suppressed-mainchains-no-admin-oblique-raw-warp.png	457171	fd96d6eedfadec54fba01f9b4365c72c4ce33ea4d9adb04fbd5e72944e5636f9	966fa0d17c5e4123b00d9cf48758b44adcfd6a13	derived-control-or-analysis	retain-NLS-CC-BY-where-map-derived-and-project-sidecar
docs/graphics-v2/pipeline-experiments/idea-aj4-kilteevan-dot-suppressed-mainchains-suppression-overlay.png	388320	d51a69f98ef95b7851848ff1a7bd57e66a0a1a57341b1d72316aebf38a360e83	83914a3dba575ae9b3b28e7a677b07ed4accd4fa	derived-control-or-analysis	retain-NLS-CC-BY-where-map-derived-and-project-sidecar
docs/graphics-v2/pipeline-experiments/idea-ak-beechwood-door-audit-repair.png	3562410	d561fbb045acc8e2796e8b8f63d5087822b01706a997aceea51ac3e495791dea	8060afb2817061339bb46625ace8f6aa0f13da04	generated-render-or-review-artifact	retain-project-prompt-report-provenance-and-NLS-attribution-where-map-derived
docs/graphics-v2/pipeline-experiments/idea-al-beechwood-thatched-no-chimney.png	3418884	2290099b8bc5fd224ab51e01268dce39a9c4ac50c33e7bd95c3bfae6fb063775	054ea7a1009f37f2050ff2eae96d22d3d2c1567f	generated-render-or-review-artifact	retain-project-prompt-report-provenance-and-NLS-attribution-where-map-derived
docs/graphics-v2/pipeline-experiments/idea-am-kilteevan-aj2-cleaned-control-direct.png	3431895	10ff3a9f724106fd47ba42f7772d208b2476af998c04151ce01a94dd7e08a1fa	db78fce48ba9062b4f521ebacb2e2eb1cfa2a4e6	derived-control-or-analysis	retain-NLS-CC-BY-where-map-derived-and-project-sidecar
docs/graphics-v2/pipeline-experiments/idea-an-kilteevan-boundary-hierarchy-direct.png	3472325	16af359c949e17c22884c8c3a83628a1cfa37c80bf962d04a87b364d9981a9d9	420f58771faad5fd6292f1916a9b53912476163f	generated-render-or-review-artifact	retain-project-prompt-report-provenance-and-NLS-attribution-where-map-derived
docs/graphics-v2/pipeline-experiments/idea-ao-kilteevan-open-fields-direct.png	3301027	dc687c33f4fb17b189b04ab1ab7fc74907af030bcee1abeb83dc95ee374a7f6e	10786f5011749e6846e929cb2a4005c063dac90f	generated-render-or-review-artifact	retain-project-prompt-report-provenance-and-NLS-attribution-where-map-derived
docs/graphics-v2/pipeline-experiments/idea-ap-kilteevan-ao-roof-stub-cleanup.png	4205989	7850cedff5a6b964808e711fbf21eb4386276e29a7728ed472f1ac9aa6873448	57ff8e63e9253160c34ea046ea9007c414161a76	generated-render-or-review-artifact	retain-project-prompt-report-provenance-and-NLS-attribution-where-map-derived
docs/graphics-v2/pipeline-experiments/idea-ap2-kilteevan-ao-roof-stub-cleanup-retry.png	4282538	852831d3a1230defdcfa63a610a6788728a6d5713629774eb9aefaf5cadbf1f9	d3ee8abcaa0fb9a931b016311743050afe2671db	generated-render-or-review-artifact	retain-project-prompt-report-provenance-and-NLS-attribution-where-map-derived
docs/graphics-v2/pipeline-experiments/idea-ap3-kilteevan-ap2-upper-roof-nub-cleanup.png	3199269	89d13b588e0525f81314b1f109537a2e453dde276379af8b20bbac0d4e4807da	8485823f6448e5ae18d1b6bbbb1c7a5c3a9c41ad	generated-render-or-review-artifact	retain-project-prompt-report-provenance-and-NLS-attribution-where-map-derived
docs/graphics-v2/pipeline-experiments/idea-aq-kilteevan-direct-open-fields-no-chimneys.png	3493930	04341e2e464015592203cb9d8c61f67987671d0bffe750624acff2652ebb3219	f22b59f42dd36203c0f5155e6f765a03c67e6c1d	generated-render-or-review-artifact	retain-project-prompt-report-provenance-and-NLS-attribution-where-map-derived
docs/graphics-v2/pipeline-experiments/idea-ar-kilteevan-playable-control-extruded-blockout.png	21061	33809b7f4210417901c5982961a891d25651c080afbefa86ebb265398b72a2f0	426bc62ba874066312bd0891eaf3a52a72f76ad5	derived-control-or-analysis	retain-NLS-CC-BY-where-map-derived-and-project-sidecar
docs/graphics-v2/pipeline-experiments/idea-ar-kilteevan-playable-control-ink-mask.png	40386	8120e61e9f4638313de748fd7fb13f6f7e6013e412e12df50ea8f1acf9b99112	e5dda7bdabdc1f3e179b1fdb780c5a9a76bfb816	derived-control-or-analysis	retain-NLS-CC-BY-where-map-derived-and-project-sidecar
docs/graphics-v2/pipeline-experiments/idea-ar-kilteevan-playable-control-linework-control.png	17685	4dd6fea4eb5ec74fe93e486c4b0e211e80490e3f83440f2b4862b0d752de07e5	84301fc8cb80d4b1564a8219091fabeec67e5e0d	derived-control-or-analysis	retain-NLS-CC-BY-where-map-derived-and-project-sidecar
docs/graphics-v2/pipeline-experiments/idea-ar-kilteevan-playable-control-oblique-ink-warp.png	72488	944f428eeb187acb4d12eaa85fe6d388755c979664b9d203abfe5e0725d15b02	fbde4d9b503443b1a7ca60cd1b27128a38a58528	derived-control-or-analysis	retain-NLS-CC-BY-where-map-derived-and-project-sidecar
docs/graphics-v2/pipeline-experiments/idea-ar-kilteevan-playable-control-oblique-raw-warp.png	242857	ec54916f1f38515cb892d7d8c0d628d213bfb9250ec1f0457334f10163d4f855	3ca2d2a57be333732cd7c60e6edc85b3d8738906	derived-control-or-analysis	retain-NLS-CC-BY-where-map-derived-and-project-sidecar
docs/graphics-v2/pipeline-experiments/idea-ar-kilteevan-playable-control-semantic-mask.png	13419	6c3b7f56b303fadbd79e25e6163f171e41507b3968be481d252498ed29cfa1f0	c9e552e3c469682eabe1362c2e24641696d64a98	derived-control-or-analysis	retain-NLS-CC-BY-where-map-derived-and-project-sidecar
docs/graphics-v2/pipeline-experiments/idea-ar-kilteevan-playable-map-crop.png	288150	fcfcf73ecd7e30642bd0d19db34edc672b409894bfb06868e4b2b4526c3af3f1	f96338d85f31a4300471bbdfa5d1c06ceb3a25b6	nls-map-source-or-crop	CC-BY-NLS
docs/graphics-v2/pipeline-experiments/idea-ar-kilteevan-playable-no-admin-map-crop.png	282940	b9ec6226fe0284cce9767c5a239f9e3cb84fe26f209a797a104422af84732c83	3e9f8a1d83c3f04de52794852c7e96a4bda1732d	nls-map-source-or-crop	CC-BY-NLS
docs/graphics-v2/pipeline-experiments/idea-ar-kilteevan-tight-control-extruded-blockout.png	24895	c690dc10bf70126ddc4d5a03e87f4b258332dbe0bbb271c122d100fdbb6812ab	26645c2b971b67c9b1b37f47adc716465a5c6448	derived-control-or-analysis	retain-NLS-CC-BY-where-map-derived-and-project-sidecar
docs/graphics-v2/pipeline-experiments/idea-ar-kilteevan-tight-control-ink-mask.png	55972	66cd65522e481a615cddadb8a61bdc7c561788834c33ecfb000b0959a97b47c0	75e340d695b3454f5d50d647d9cd7d0b8508bbd2	derived-control-or-analysis	retain-NLS-CC-BY-where-map-derived-and-project-sidecar
docs/graphics-v2/pipeline-experiments/idea-ar-kilteevan-tight-control-linework-control.png	20956	f2f1efd73965865f9d0619043220e053cef01dae7b85406d677183cc312e4874	0ba0f478ab45e570eabe69f3361806a5a6677245	derived-control-or-analysis	retain-NLS-CC-BY-where-map-derived-and-project-sidecar
docs/graphics-v2/pipeline-experiments/idea-ar-kilteevan-tight-control-no-scenic-crossroads.png	3521784	f1311ab0b82a3fdb41bfca705e92f6914540c96e81265ba3cc66f7577ab7cfc9	8dc323b47e0c610473f2ab25690cc5da84c3b4ef	derived-control-or-analysis	retain-NLS-CC-BY-where-map-derived-and-project-sidecar
docs/graphics-v2/pipeline-experiments/idea-ar-kilteevan-tight-control-oblique-ink-warp.png	92649	6aa7df415df2511d585be6b068e2db621c8c599001846c53af67a1c19397ac86	e4c81c31c1f157f5ed63c1206eedd55ab2a3f1a2	derived-control-or-analysis	retain-NLS-CC-BY-where-map-derived-and-project-sidecar
docs/graphics-v2/pipeline-experiments/idea-ar-kilteevan-tight-control-oblique-raw-warp.png	378922	0a927bfa821aed82954e233fc1834b747df4d99f8060bcecf268142e6515a4d6	4b2460d091494619efc65f3e92d2e98263da5d99	derived-control-or-analysis	retain-NLS-CC-BY-where-map-derived-and-project-sidecar
docs/graphics-v2/pipeline-experiments/idea-ar-kilteevan-tight-control-semantic-mask.png	18889	78c253f32c675ff63782c854449497a08d8f1875c3aa84ab8023b557215290fd	7668b6d2035249cf41ac9eab554a9f0b415e7967	derived-control-or-analysis	retain-NLS-CC-BY-where-map-derived-and-project-sidecar
docs/graphics-v2/pipeline-experiments/idea-ar-kilteevan-tight-map-crop.png	454010	db57c63a4c535f12282ce92ecf6d8f2f1ca5e70e550e74018c25f01d33d187da	75ded78d37ce4c4be4f1f7cd17f43ddfb29859ac	nls-map-source-or-crop	CC-BY-NLS
docs/graphics-v2/pipeline-experiments/idea-ar-kilteevan-tight-no-admin-map-crop.png	445857	e5d49750268040040a489ff7948a2bb3a21aba9dc90bf3b2b31146999fedab12	7408838f1d2eb5157fae3c583bfc84d3007634f6	nls-map-source-or-crop	CC-BY-NLS
docs/graphics-v2/pipeline-experiments/idea-as-kilteevan-playable-roadcue-extruded-blockout.png	21061	33809b7f4210417901c5982961a891d25651c080afbefa86ebb265398b72a2f0	426bc62ba874066312bd0891eaf3a52a72f76ad5	derived-control-or-analysis	retain-NLS-CC-BY-where-map-derived-and-project-sidecar
docs/graphics-v2/pipeline-experiments/idea-as-kilteevan-playable-roadcue-ink-mask.png	40386	8120e61e9f4638313de748fd7fb13f6f7e6013e412e12df50ea8f1acf9b99112	e5dda7bdabdc1f3e179b1fdb780c5a9a76bfb816	derived-control-or-analysis	retain-NLS-CC-BY-where-map-derived-and-project-sidecar
docs/graphics-v2/pipeline-experiments/idea-as-kilteevan-playable-roadcue-linework-control.png	17685	4dd6fea4eb5ec74fe93e486c4b0e211e80490e3f83440f2b4862b0d752de07e5	84301fc8cb80d4b1564a8219091fabeec67e5e0d	derived-control-or-analysis	retain-NLS-CC-BY-where-map-derived-and-project-sidecar
docs/graphics-v2/pipeline-experiments/idea-as-kilteevan-playable-roadcue-oblique-ink-warp.png	72488	944f428eeb187acb4d12eaa85fe6d388755c979664b9d203abfe5e0725d15b02	fbde4d9b503443b1a7ca60cd1b27128a38a58528	derived-control-or-analysis	retain-NLS-CC-BY-where-map-derived-and-project-sidecar
docs/graphics-v2/pipeline-experiments/idea-as-kilteevan-playable-roadcue-oblique-raw-warp.png	242857	ec54916f1f38515cb892d7d8c0d628d213bfb9250ec1f0457334f10163d4f855	3ca2d2a57be333732cd7c60e6edc85b3d8738906	derived-control-or-analysis	retain-NLS-CC-BY-where-map-derived-and-project-sidecar
docs/graphics-v2/pipeline-experiments/idea-as-kilteevan-playable-roadcue-road-topology-control.png	22458	fc3c168ef067868e400f389346c7d519faab954927fa9c43e93b0270f06ac16d	d47b1a105a2475810087e62b223281a0b82cfa73	derived-control-or-analysis	retain-NLS-CC-BY-where-map-derived-and-project-sidecar
docs/graphics-v2/pipeline-experiments/idea-as-kilteevan-playable-roadcue-road-topology-oblique.png	49475	97cda35a1bf3f8310bd60cee3dd6f7256b55c7d72a31eb1d06cec0ee3e43284f	6e43458b0c62d8bc528e6570791bd72b27d39996	derived-control-or-analysis	retain-NLS-CC-BY-where-map-derived-and-project-sidecar
docs/graphics-v2/pipeline-experiments/idea-as-kilteevan-playable-roadcue-semantic-mask.png	13419	6c3b7f56b303fadbd79e25e6163f171e41507b3968be481d252498ed29cfa1f0	c9e552e3c469682eabe1362c2e24641696d64a98	derived-control-or-analysis	retain-NLS-CC-BY-where-map-derived-and-project-sidecar
docs/graphics-v2/pipeline-experiments/idea-as2-kilteevan-playable-roadcue-extruded-blockout.png	21061	33809b7f4210417901c5982961a891d25651c080afbefa86ebb265398b72a2f0	426bc62ba874066312bd0891eaf3a52a72f76ad5	derived-control-or-analysis	retain-NLS-CC-BY-where-map-derived-and-project-sidecar
docs/graphics-v2/pipeline-experiments/idea-as2-kilteevan-playable-roadcue-ink-mask.png	40386	8120e61e9f4638313de748fd7fb13f6f7e6013e412e12df50ea8f1acf9b99112	e5dda7bdabdc1f3e179b1fdb780c5a9a76bfb816	derived-control-or-analysis	retain-NLS-CC-BY-where-map-derived-and-project-sidecar
docs/graphics-v2/pipeline-experiments/idea-as2-kilteevan-playable-roadcue-linework-control.png	17685	4dd6fea4eb5ec74fe93e486c4b0e211e80490e3f83440f2b4862b0d752de07e5	84301fc8cb80d4b1564a8219091fabeec67e5e0d	derived-control-or-analysis	retain-NLS-CC-BY-where-map-derived-and-project-sidecar
docs/graphics-v2/pipeline-experiments/idea-as2-kilteevan-playable-roadcue-oblique-ink-warp.png	72488	944f428eeb187acb4d12eaa85fe6d388755c979664b9d203abfe5e0725d15b02	fbde4d9b503443b1a7ca60cd1b27128a38a58528	derived-control-or-analysis	retain-NLS-CC-BY-where-map-derived-and-project-sidecar
docs/graphics-v2/pipeline-experiments/idea-as2-kilteevan-playable-roadcue-oblique-raw-warp.png	242857	ec54916f1f38515cb892d7d8c0d628d213bfb9250ec1f0457334f10163d4f855	3ca2d2a57be333732cd7c60e6edc85b3d8738906	derived-control-or-analysis	retain-NLS-CC-BY-where-map-derived-and-project-sidecar
docs/graphics-v2/pipeline-experiments/idea-as2-kilteevan-playable-roadcue-road-topology-control.png	22355	75cfd45bce4fe3fab4db191c1bc6c11d30168c82521dcc71797916b746e6855e	aa0bab160c67e55fec1e21ed0c914e577d279629	derived-control-or-analysis	retain-NLS-CC-BY-where-map-derived-and-project-sidecar
docs/graphics-v2/pipeline-experiments/idea-as2-kilteevan-playable-roadcue-road-topology-oblique.png	49382	2936326a203af2968fc177abab37f051975fa26b33081ca0de84adc3ec073c1b	454cf1a287c54f5cd0fae50ddf739ce43b5a46b2	derived-control-or-analysis	retain-NLS-CC-BY-where-map-derived-and-project-sidecar
docs/graphics-v2/pipeline-experiments/idea-as2-kilteevan-playable-roadcue-semantic-mask.png	13419	6c3b7f56b303fadbd79e25e6163f171e41507b3968be481d252498ed29cfa1f0	c9e552e3c469682eabe1362c2e24641696d64a98	derived-control-or-analysis	retain-NLS-CC-BY-where-map-derived-and-project-sidecar
docs/graphics-v2/pipeline-experiments/idea-at-kilteevan-tight-topdown-cleaned.png	3206339	cb994e1d676e4db3916dcbb5ec32c124c4ffe39b929ebbd8353ecaabc7f77750	e02cd23362114a7d03cd918559464b4cd249eca0	generated-render-or-review-artifact	retain-project-prompt-report-provenance-and-NLS-attribution-where-map-derived
docs/graphics-v2/pipeline-experiments/idea-at-kilteevan-tight-two-step-isomorphic.png	3448654	98edd1daa911385ff1b1d93c29803b5c7f3e2e3c20614210325d7ca922d9550c	b12ed30b9adb6cb68e164cf9e402c8270b5bf468	generated-render-or-review-artifact	retain-project-prompt-report-provenance-and-NLS-attribution-where-map-derived
docs/graphics-v2/pipeline-experiments/idea-au-kilteevan-at2-wall-door-repair.png	3506479	87b27f188b1a878d65ea6d39093a8e7ad05afff529b770894e52098b57ca3b66	f5e1084957b5fcf20525c988c9c8a8d8486bca3e	generated-render-or-review-artifact	retain-project-prompt-report-provenance-and-NLS-attribution-where-map-derived
docs/graphics-v2/pipeline-experiments/idea-av-kilteevan-symbolic-topdown-control.png	3118551	edfd0cc4cbade0db668fdc104bff62482d48df768df33fe75768f9801677b3c9	4af04ae8cd31ca7d9522f392d8ad3ca4e0b668bf	derived-control-or-analysis	retain-NLS-CC-BY-where-map-derived-and-project-sidecar
docs/graphics-v2/pipeline-experiments/idea-av-kilteevan-symbolic-two-step-isomorphic.png	3420252	92235529c15ecf3ce25a21326fe819f09846b9718c650b395c330d51a17e19b3	41173a5c99dd163a914e07e32f63e35ed8f6b193	generated-render-or-review-artifact	retain-project-prompt-report-provenance-and-NLS-attribution-where-map-derived
docs/graphics-v2/pipeline-experiments/idea-aw-kilteevan-literal-control-isomorphic.png	3541228	438054e6ce0b067092ff041c941ca4c285b2f04b0c9d45732db8ce37fb6afd74	e9d792e97ec3a0dd604571e519aff02ba9156ac7	derived-control-or-analysis	retain-NLS-CC-BY-where-map-derived-and-project-sidecar
docs/graphics-v2/pipeline-experiments/idea-aw-kilteevan-literal-control-probe-extruded-blockout.png	21061	33809b7f4210417901c5982961a891d25651c080afbefa86ebb265398b72a2f0	426bc62ba874066312bd0891eaf3a52a72f76ad5	derived-control-or-analysis	retain-NLS-CC-BY-where-map-derived-and-project-sidecar
docs/graphics-v2/pipeline-experiments/idea-aw-kilteevan-literal-control-probe-ink-mask.png	40386	8120e61e9f4638313de748fd7fb13f6f7e6013e412e12df50ea8f1acf9b99112	e5dda7bdabdc1f3e179b1fdb780c5a9a76bfb816	derived-control-or-analysis	retain-NLS-CC-BY-where-map-derived-and-project-sidecar
docs/graphics-v2/pipeline-experiments/idea-aw-kilteevan-literal-control-probe-linework-control.png	17685	4dd6fea4eb5ec74fe93e486c4b0e211e80490e3f83440f2b4862b0d752de07e5	84301fc8cb80d4b1564a8219091fabeec67e5e0d	derived-control-or-analysis	retain-NLS-CC-BY-where-map-derived-and-project-sidecar
docs/graphics-v2/pipeline-experiments/idea-aw-kilteevan-literal-control-probe-oblique-ink-warp.png	72488	944f428eeb187acb4d12eaa85fe6d388755c979664b9d203abfe5e0725d15b02	fbde4d9b503443b1a7ca60cd1b27128a38a58528	derived-control-or-analysis	retain-NLS-CC-BY-where-map-derived-and-project-sidecar
docs/graphics-v2/pipeline-experiments/idea-aw-kilteevan-literal-control-probe-oblique-raw-warp.png	242857	ec54916f1f38515cb892d7d8c0d628d213bfb9250ec1f0457334f10163d4f855	3ca2d2a57be333732cd7c60e6edc85b3d8738906	derived-control-or-analysis	retain-NLS-CC-BY-where-map-derived-and-project-sidecar
docs/graphics-v2/pipeline-experiments/idea-aw-kilteevan-literal-control-probe-road-topology-control.png	22355	75cfd45bce4fe3fab4db191c1bc6c11d30168c82521dcc71797916b746e6855e	aa0bab160c67e55fec1e21ed0c914e577d279629	derived-control-or-analysis	retain-NLS-CC-BY-where-map-derived-and-project-sidecar
docs/graphics-v2/pipeline-experiments/idea-aw-kilteevan-literal-control-probe-road-topology-oblique.png	49382	2936326a203af2968fc177abab37f051975fa26b33081ca0de84adc3ec073c1b	454cf1a287c54f5cd0fae50ddf739ce43b5a46b2	derived-control-or-analysis	retain-NLS-CC-BY-where-map-derived-and-project-sidecar
docs/graphics-v2/pipeline-experiments/idea-aw-kilteevan-literal-control-probe-semantic-mask.png	13419	6c3b7f56b303fadbd79e25e6163f171e41507b3968be481d252498ed29cfa1f0	c9e552e3c469682eabe1362c2e24641696d64a98	derived-control-or-analysis	retain-NLS-CC-BY-where-map-derived-and-project-sidecar
docs/graphics-v2/pipeline-experiments/idea-aw-kilteevan-literal-paint-extruded-blockout.png	21061	33809b7f4210417901c5982961a891d25651c080afbefa86ebb265398b72a2f0	426bc62ba874066312bd0891eaf3a52a72f76ad5	derived-control-or-analysis	retain-NLS-CC-BY-where-map-derived-and-project-sidecar
docs/graphics-v2/pipeline-experiments/idea-aw-kilteevan-literal-paint-ink-mask.png	40386	8120e61e9f4638313de748fd7fb13f6f7e6013e412e12df50ea8f1acf9b99112	e5dda7bdabdc1f3e179b1fdb780c5a9a76bfb816	derived-control-or-analysis	retain-NLS-CC-BY-where-map-derived-and-project-sidecar
docs/graphics-v2/pipeline-experiments/idea-aw-kilteevan-literal-paint-linework-control.png	17685	4dd6fea4eb5ec74fe93e486c4b0e211e80490e3f83440f2b4862b0d752de07e5	84301fc8cb80d4b1564a8219091fabeec67e5e0d	derived-control-or-analysis	retain-NLS-CC-BY-where-map-derived-and-project-sidecar
docs/graphics-v2/pipeline-experiments/idea-aw-kilteevan-literal-paint-literal-paint-control.png	93020	45def8079fa70517b8e24f8156ddca6489481d606373e1877ae3056fa3bdcfdb	fc053801e0170884f54a2f90ef2af76919cc971a	derived-control-or-analysis	retain-NLS-CC-BY-where-map-derived-and-project-sidecar
docs/graphics-v2/pipeline-experiments/idea-aw-kilteevan-literal-paint-literal-paint-oblique.png	157405	ce2e1f295136442cbc1df87268343e36db48f86d2c9b2501be9c9d8876e46a4f	18474a08e300951eb48c839aad2e20ead37fd9ec	generated-render-or-review-artifact	retain-project-prompt-report-provenance-and-NLS-attribution-where-map-derived
docs/graphics-v2/pipeline-experiments/idea-aw-kilteevan-literal-paint-oblique-ink-warp.png	72488	944f428eeb187acb4d12eaa85fe6d388755c979664b9d203abfe5e0725d15b02	fbde4d9b503443b1a7ca60cd1b27128a38a58528	derived-control-or-analysis	retain-NLS-CC-BY-where-map-derived-and-project-sidecar
docs/graphics-v2/pipeline-experiments/idea-aw-kilteevan-literal-paint-oblique-raw-warp.png	242857	ec54916f1f38515cb892d7d8c0d628d213bfb9250ec1f0457334f10163d4f855	3ca2d2a57be333732cd7c60e6edc85b3d8738906	derived-control-or-analysis	retain-NLS-CC-BY-where-map-derived-and-project-sidecar
docs/graphics-v2/pipeline-experiments/idea-aw-kilteevan-literal-paint-road-topology-control.png	22355	75cfd45bce4fe3fab4db191c1bc6c11d30168c82521dcc71797916b746e6855e	aa0bab160c67e55fec1e21ed0c914e577d279629	derived-control-or-analysis	retain-NLS-CC-BY-where-map-derived-and-project-sidecar
docs/graphics-v2/pipeline-experiments/idea-aw-kilteevan-literal-paint-road-topology-oblique.png	49382	2936326a203af2968fc177abab37f051975fa26b33081ca0de84adc3ec073c1b	454cf1a287c54f5cd0fae50ddf739ce43b5a46b2	generated-render-or-review-artifact	retain-project-prompt-report-provenance-and-NLS-attribution-where-map-derived
docs/graphics-v2/pipeline-experiments/idea-aw-kilteevan-literal-paint-semantic-mask.png	13419	6c3b7f56b303fadbd79e25e6163f171e41507b3968be481d252498ed29cfa1f0	c9e552e3c469682eabe1362c2e24641696d64a98	derived-control-or-analysis	retain-NLS-CC-BY-where-map-derived-and-project-sidecar
docs/graphics-v2/pipeline-experiments/idea-aw-kilteevan-original-probe-extruded-blockout.png	25486	2bb57b38bad6a16cfa9f77cde888bdfdfcb14e577651edce42e74381b56b1d04	da0c4a9269eee8ba54b274159d9073d2ae35fa08	derived-control-or-analysis	retain-NLS-CC-BY-where-map-derived-and-project-sidecar
docs/graphics-v2/pipeline-experiments/idea-aw-kilteevan-original-probe-ink-mask.png	46689	a6550fefa6c05d978d55f466f03afa6145d10b34c7c92121003d00f2ebd6f8be	4d4ad6c2cdd5dd941e6c89bf029382510b748e49	derived-control-or-analysis	retain-NLS-CC-BY-where-map-derived-and-project-sidecar
docs/graphics-v2/pipeline-experiments/idea-aw-kilteevan-original-probe-linework-control.png	20012	fdc241de8afbb58a4aaaff2620e545a2178377f813854d9e7a80fe4e416c0772	baa2d5b83892f28fe1c212b8467dab1c0061e242	derived-control-or-analysis	retain-NLS-CC-BY-where-map-derived-and-project-sidecar
docs/graphics-v2/pipeline-experiments/idea-aw-kilteevan-original-probe-oblique-ink-warp.png	81892	d462be0bacaffa4ddc2721f750827325a81039b5496558d683cd835b911866ff	99f5e05ab20905a62725406f8767af22021bf453	derived-control-or-analysis	retain-NLS-CC-BY-where-map-derived-and-project-sidecar
docs/graphics-v2/pipeline-experiments/idea-aw-kilteevan-original-probe-oblique-raw-warp.png	251055	758bbd38ea4d42a78a727a254a346a5719a0cbf8298fb847667b2fb42deb13ed	168f1da7e19a4fff6e653124dbb2a05cc9d1b561	derived-control-or-analysis	retain-NLS-CC-BY-where-map-derived-and-project-sidecar
docs/graphics-v2/pipeline-experiments/idea-aw-kilteevan-original-probe-road-topology-control.png	25171	80c363fbc16166e8640d7c9f56529b166237bf825311b82a8a916114ae891793	4944e5b145f3a83a325bbf18bdd6fe458158a2b1	derived-control-or-analysis	retain-NLS-CC-BY-where-map-derived-and-project-sidecar
docs/graphics-v2/pipeline-experiments/idea-aw-kilteevan-original-probe-road-topology-oblique.png	54459	d608d2b6fbbae8777b592df75e5d932d78febd6405c476da61eecc8aa48cf4be	2c0d7acc4af32823645fab4ec3ae10a3bbdcd574	generated-render-or-review-artifact	retain-project-prompt-report-provenance-and-NLS-attribution-where-map-derived
docs/graphics-v2/pipeline-experiments/idea-aw-kilteevan-original-probe-semantic-mask.png	15873	fc0494c3e135945f852d7b12ee3de8f89b5305474dfc2d0c65e858179144bac6	c08597eb88d110a172e966a66e8e30ee698512ee	derived-control-or-analysis	retain-NLS-CC-BY-where-map-derived-and-project-sidecar
docs/graphics-v2/pipeline-experiments/idea-aw2-kilteevan-literal-paint-extruded-blockout.png	21061	33809b7f4210417901c5982961a891d25651c080afbefa86ebb265398b72a2f0	426bc62ba874066312bd0891eaf3a52a72f76ad5	derived-control-or-analysis	retain-NLS-CC-BY-where-map-derived-and-project-sidecar
docs/graphics-v2/pipeline-experiments/idea-aw2-kilteevan-literal-paint-ink-mask.png	40386	8120e61e9f4638313de748fd7fb13f6f7e6013e412e12df50ea8f1acf9b99112	e5dda7bdabdc1f3e179b1fdb780c5a9a76bfb816	derived-control-or-analysis	retain-NLS-CC-BY-where-map-derived-and-project-sidecar
docs/graphics-v2/pipeline-experiments/idea-aw2-kilteevan-literal-paint-linework-control.png	17685	4dd6fea4eb5ec74fe93e486c4b0e211e80490e3f83440f2b4862b0d752de07e5	84301fc8cb80d4b1564a8219091fabeec67e5e0d	derived-control-or-analysis	retain-NLS-CC-BY-where-map-derived-and-project-sidecar
docs/graphics-v2/pipeline-experiments/idea-aw2-kilteevan-literal-paint-literal-paint-control.png	95949	e77387966ded87ecbe0b426518470af8acddd368c7161c41500e63b6e3ad3692	4ab24f95cead64b4cd48a1b54d4c9db4274a9499	derived-control-or-analysis	retain-NLS-CC-BY-where-map-derived-and-project-sidecar
docs/graphics-v2/pipeline-experiments/idea-aw2-kilteevan-literal-paint-literal-paint-oblique.png	160126	e72fdd648e417b556d770a900c6e60951b375ccf267a661369e7a281cd5692df	a03b4ef20fa08d586367b9a268e77a05735f73fd	generated-render-or-review-artifact	retain-project-prompt-report-provenance-and-NLS-attribution-where-map-derived
docs/graphics-v2/pipeline-experiments/idea-aw2-kilteevan-literal-paint-oblique-ink-warp.png	72488	944f428eeb187acb4d12eaa85fe6d388755c979664b9d203abfe5e0725d15b02	fbde4d9b503443b1a7ca60cd1b27128a38a58528	derived-control-or-analysis	retain-NLS-CC-BY-where-map-derived-and-project-sidecar
docs/graphics-v2/pipeline-experiments/idea-aw2-kilteevan-literal-paint-oblique-raw-warp.png	242857	ec54916f1f38515cb892d7d8c0d628d213bfb9250ec1f0457334f10163d4f855	3ca2d2a57be333732cd7c60e6edc85b3d8738906	derived-control-or-analysis	retain-NLS-CC-BY-where-map-derived-and-project-sidecar
docs/graphics-v2/pipeline-experiments/idea-aw2-kilteevan-literal-paint-road-topology-control.png	22355	75cfd45bce4fe3fab4db191c1bc6c11d30168c82521dcc71797916b746e6855e	aa0bab160c67e55fec1e21ed0c914e577d279629	derived-control-or-analysis	retain-NLS-CC-BY-where-map-derived-and-project-sidecar
docs/graphics-v2/pipeline-experiments/idea-aw2-kilteevan-literal-paint-road-topology-oblique.png	49382	2936326a203af2968fc177abab37f051975fa26b33081ca0de84adc3ec073c1b	454cf1a287c54f5cd0fae50ddf739ce43b5a46b2	generated-render-or-review-artifact	retain-project-prompt-report-provenance-and-NLS-attribution-where-map-derived
docs/graphics-v2/pipeline-experiments/idea-aw2-kilteevan-literal-paint-semantic-mask.png	13419	6c3b7f56b303fadbd79e25e6163f171e41507b3968be481d252498ed29cfa1f0	c9e552e3c469682eabe1362c2e24641696d64a98	derived-control-or-analysis	retain-NLS-CC-BY-where-map-derived-and-project-sidecar
docs/graphics-v2/pipeline-experiments/idea-ax-kilteevan-door-repair.png	3746342	21b3b37dc488d56ebd3b54bc35e951febed75e7f0905fe3ed7b3dbdaf7f94afa	7f5967b3d4760d7212f696012585e4b9a48c8317	generated-render-or-review-artifact	retain-project-prompt-report-provenance-and-NLS-attribution-where-map-derived
docs/graphics-v2/pipeline-experiments/idea-ay-kilteevan-au-notebook-style-refine.png	3689248	a317419d0d9b50800e8ab13181e43534327985248018b9cb7328ce719f24c153	6a5de408e4b21e317654f4c85c4e04ecde42c87c	generated-render-or-review-artifact	retain-project-prompt-report-provenance-and-NLS-attribution-where-map-derived
docs/graphics-v2/pipeline-experiments/idea-az-kilteevan-ay-low-camera-refine.png	3661941	fb4e65e7ebb361addc24d085e45269049a7ee826f85e9a2476c652472d072cd7	23baa6fbf182ed09f347d1b251c7b2261f9122b8	generated-render-or-review-artifact	retain-project-prompt-report-provenance-and-NLS-attribution-where-map-derived
docs/graphics-v2/pipeline-experiments/idea-b-oblique-warp.png	3060005	aca1d51089b9b44d306834c64922308750b7617c0b0569409ec8e701f743ef35	c48148f25ba6015e962b1d4b4a951b5b483028ea	derived-control-or-analysis	retain-NLS-CC-BY-where-map-derived-and-project-sidecar
docs/graphics-v2/pipeline-experiments/idea-ba-kilteevan-fresh-map-control-notebook.png	3537121	1461de0e3bb954fcf6dbbc4214aa02863460f1c14fcc224101243c7e6d1b801c	d4e3bdafce3c6473af1a1f35dc7e8eab1fc574aa	derived-control-or-analysis	retain-NLS-CC-BY-where-map-derived-and-project-sidecar
docs/graphics-v2/pipeline-experiments/idea-bb-kilteevan-ba-boundary-soften.png	3495402	2b01c0dab6ce7626966e76e0df398eb25a5b68163ffdac3b5237aaff537f7f59	57d07932b33f783127573b80e8e470ec6a1fc296	generated-render-or-review-artifact	retain-project-prompt-report-provenance-and-NLS-attribution-where-map-derived
docs/graphics-v2/pipeline-experiments/idea-bc-kilteevan-boundary-material-boundary-material-control.png	98657	4f71ef096202be8c10caf216f74c02c3cf7b0fc29386fe2301f9c73acfb8a7b6	b311d3a1d12031e87ce7f77a8c9d2b3b0771942f	derived-control-or-analysis	retain-NLS-CC-BY-where-map-derived-and-project-sidecar
docs/graphics-v2/pipeline-experiments/idea-bc-kilteevan-boundary-material-boundary-material-oblique.png	165789	c219027bcf0c669f781bad81cc543fb2f6ce1bd37b0e5e0b9ba1e5d029ee5661	41198dd4f65ec9703ac372efd4772143f19095c6	generated-render-or-review-artifact	retain-project-prompt-report-provenance-and-NLS-attribution-where-map-derived
docs/graphics-v2/pipeline-experiments/idea-bc-kilteevan-boundary-material-extruded-blockout.png	21061	33809b7f4210417901c5982961a891d25651c080afbefa86ebb265398b72a2f0	426bc62ba874066312bd0891eaf3a52a72f76ad5	derived-control-or-analysis	retain-NLS-CC-BY-where-map-derived-and-project-sidecar
docs/graphics-v2/pipeline-experiments/idea-bc-kilteevan-boundary-material-fresh-notebook.png	3495213	b2a59d6361b2d3ce4fead32f372897711a0762dd3b56d2481c2fe17f6d82cf40	801c2c8e9e8a40c3aa69f261959fdb8de1582a84	generated-render-or-review-artifact	retain-project-prompt-report-provenance-and-NLS-attribution-where-map-derived
docs/graphics-v2/pipeline-experiments/idea-bc-kilteevan-boundary-material-ink-mask.png	40386	8120e61e9f4638313de748fd7fb13f6f7e6013e412e12df50ea8f1acf9b99112	e5dda7bdabdc1f3e179b1fdb780c5a9a76bfb816	derived-control-or-analysis	retain-NLS-CC-BY-where-map-derived-and-project-sidecar
docs/graphics-v2/pipeline-experiments/idea-bc-kilteevan-boundary-material-linework-control.png	17685	4dd6fea4eb5ec74fe93e486c4b0e211e80490e3f83440f2b4862b0d752de07e5	84301fc8cb80d4b1564a8219091fabeec67e5e0d	derived-control-or-analysis	retain-NLS-CC-BY-where-map-derived-and-project-sidecar
docs/graphics-v2/pipeline-experiments/idea-bc-kilteevan-boundary-material-literal-paint-control.png	95949	e77387966ded87ecbe0b426518470af8acddd368c7161c41500e63b6e3ad3692	4ab24f95cead64b4cd48a1b54d4c9db4274a9499	derived-control-or-analysis	retain-NLS-CC-BY-where-map-derived-and-project-sidecar
docs/graphics-v2/pipeline-experiments/idea-bc-kilteevan-boundary-material-literal-paint-oblique.png	160126	e72fdd648e417b556d770a900c6e60951b375ccf267a661369e7a281cd5692df	a03b4ef20fa08d586367b9a268e77a05735f73fd	generated-render-or-review-artifact	retain-project-prompt-report-provenance-and-NLS-attribution-where-map-derived
docs/graphics-v2/pipeline-experiments/idea-bc-kilteevan-boundary-material-oblique-ink-warp.png	72488	944f428eeb187acb4d12eaa85fe6d388755c979664b9d203abfe5e0725d15b02	fbde4d9b503443b1a7ca60cd1b27128a38a58528	derived-control-or-analysis	retain-NLS-CC-BY-where-map-derived-and-project-sidecar
docs/graphics-v2/pipeline-experiments/idea-bc-kilteevan-boundary-material-oblique-raw-warp.png	242857	ec54916f1f38515cb892d7d8c0d628d213bfb9250ec1f0457334f10163d4f855	3ca2d2a57be333732cd7c60e6edc85b3d8738906	derived-control-or-analysis	retain-NLS-CC-BY-where-map-derived-and-project-sidecar
docs/graphics-v2/pipeline-experiments/idea-bc-kilteevan-boundary-material-road-topology-control.png	22355	75cfd45bce4fe3fab4db191c1bc6c11d30168c82521dcc71797916b746e6855e	aa0bab160c67e55fec1e21ed0c914e577d279629	derived-control-or-analysis	retain-NLS-CC-BY-where-map-derived-and-project-sidecar
docs/graphics-v2/pipeline-experiments/idea-bc-kilteevan-boundary-material-road-topology-oblique.png	49382	2936326a203af2968fc177abab37f051975fa26b33081ca0de84adc3ec073c1b	454cf1a287c54f5cd0fae50ddf739ce43b5a46b2	generated-render-or-review-artifact	retain-project-prompt-report-provenance-and-NLS-attribution-where-map-derived
docs/graphics-v2/pipeline-experiments/idea-bc-kilteevan-boundary-material-semantic-mask.png	13419	6c3b7f56b303fadbd79e25e6163f171e41507b3968be481d252498ed29cfa1f0	c9e552e3c469682eabe1362c2e24641696d64a98	derived-control-or-analysis	retain-NLS-CC-BY-where-map-derived-and-project-sidecar
docs/graphics-v2/pipeline-experiments/idea-bd-kilteevan-soft-planting-boundary-material-control.png	98657	4f71ef096202be8c10caf216f74c02c3cf7b0fc29386fe2301f9c73acfb8a7b6	b311d3a1d12031e87ce7f77a8c9d2b3b0771942f	derived-control-or-analysis	retain-NLS-CC-BY-where-map-derived-and-project-sidecar
docs/graphics-v2/pipeline-experiments/idea-bd-kilteevan-soft-planting-boundary-material-oblique.png	165789	c219027bcf0c669f781bad81cc543fb2f6ce1bd37b0e5e0b9ba1e5d029ee5661	41198dd4f65ec9703ac372efd4772143f19095c6	generated-render-or-review-artifact	retain-project-prompt-report-provenance-and-NLS-attribution-where-map-derived
docs/graphics-v2/pipeline-experiments/idea-bd-kilteevan-soft-planting-extruded-blockout.png	21061	33809b7f4210417901c5982961a891d25651c080afbefa86ebb265398b72a2f0	426bc62ba874066312bd0891eaf3a52a72f76ad5	derived-control-or-analysis	retain-NLS-CC-BY-where-map-derived-and-project-sidecar
docs/graphics-v2/pipeline-experiments/idea-bd-kilteevan-soft-planting-fresh-notebook.png	3500954	c4e36d6d461f642ea5417e09aeeb5e56fcec5731615a94dd25d1a3168db44d42	40cc3a12a8de8cfde3d899b773f79383fe49f8c0	generated-render-or-review-artifact	retain-project-prompt-report-provenance-and-NLS-attribution-where-map-derived
docs/graphics-v2/pipeline-experiments/idea-bd-kilteevan-soft-planting-ink-mask.png	40386	8120e61e9f4638313de748fd7fb13f6f7e6013e412e12df50ea8f1acf9b99112	e5dda7bdabdc1f3e179b1fdb780c5a9a76bfb816	derived-control-or-analysis	retain-NLS-CC-BY-where-map-derived-and-project-sidecar
docs/graphics-v2/pipeline-experiments/idea-bd-kilteevan-soft-planting-linework-control.png	17685	4dd6fea4eb5ec74fe93e486c4b0e211e80490e3f83440f2b4862b0d752de07e5	84301fc8cb80d4b1564a8219091fabeec67e5e0d	derived-control-or-analysis	retain-NLS-CC-BY-where-map-derived-and-project-sidecar
docs/graphics-v2/pipeline-experiments/idea-bd-kilteevan-soft-planting-literal-paint-control.png	95949	e77387966ded87ecbe0b426518470af8acddd368c7161c41500e63b6e3ad3692	4ab24f95cead64b4cd48a1b54d4c9db4274a9499	derived-control-or-analysis	retain-NLS-CC-BY-where-map-derived-and-project-sidecar
docs/graphics-v2/pipeline-experiments/idea-bd-kilteevan-soft-planting-literal-paint-oblique.png	160126	e72fdd648e417b556d770a900c6e60951b375ccf267a661369e7a281cd5692df	a03b4ef20fa08d586367b9a268e77a05735f73fd	generated-render-or-review-artifact	retain-project-prompt-report-provenance-and-NLS-attribution-where-map-derived
docs/graphics-v2/pipeline-experiments/idea-bd-kilteevan-soft-planting-oblique-ink-warp.png	72488	944f428eeb187acb4d12eaa85fe6d388755c979664b9d203abfe5e0725d15b02	fbde4d9b503443b1a7ca60cd1b27128a38a58528	derived-control-or-analysis	retain-NLS-CC-BY-where-map-derived-and-project-sidecar
docs/graphics-v2/pipeline-experiments/idea-bd-kilteevan-soft-planting-oblique-raw-warp.png	242857	ec54916f1f38515cb892d7d8c0d628d213bfb9250ec1f0457334f10163d4f855	3ca2d2a57be333732cd7c60e6edc85b3d8738906	derived-control-or-analysis	retain-NLS-CC-BY-where-map-derived-and-project-sidecar
docs/graphics-v2/pipeline-experiments/idea-bd-kilteevan-soft-planting-road-topology-control.png	22355	75cfd45bce4fe3fab4db191c1bc6c11d30168c82521dcc71797916b746e6855e	aa0bab160c67e55fec1e21ed0c914e577d279629	derived-control-or-analysis	retain-NLS-CC-BY-where-map-derived-and-project-sidecar
docs/graphics-v2/pipeline-experiments/idea-bd-kilteevan-soft-planting-road-topology-oblique.png	49382	2936326a203af2968fc177abab37f051975fa26b33081ca0de84adc3ec073c1b	454cf1a287c54f5cd0fae50ddf739ce43b5a46b2	generated-render-or-review-artifact	retain-project-prompt-report-provenance-and-NLS-attribution-where-map-derived
docs/graphics-v2/pipeline-experiments/idea-bd-kilteevan-soft-planting-semantic-mask.png	13419	6c3b7f56b303fadbd79e25e6163f171e41507b3968be481d252498ed29cfa1f0	c9e552e3c469682eabe1362c2e24641696d64a98	derived-control-or-analysis	retain-NLS-CC-BY-where-map-derived-and-project-sidecar
docs/graphics-v2/pipeline-experiments/idea-bd-kilteevan-soft-planting-soft-planting-control.png	93089	1e49bcf0d84d91312f6dd4774497c9927565ea9edf085e89aecb8771ceba1bbd	83fc01c9b352ef75d0b3552170c912d10e5d0c78	derived-control-or-analysis	retain-NLS-CC-BY-where-map-derived-and-project-sidecar
docs/graphics-v2/pipeline-experiments/idea-bd-kilteevan-soft-planting-soft-planting-oblique.png	159420	08c76265e0c43cf54e1ba766d7ea9a54fc29d0d5bce71c08531da25deba3a140	aea0857e35dd0eb47d88bbe9b9100846a68e2157	generated-render-or-review-artifact	retain-project-prompt-report-provenance-and-NLS-attribution-where-map-derived
docs/graphics-v2/pipeline-experiments/idea-be-kilteevan-raw-map-notebook-no-topdown.png	3482925	300f7ad998d1a1afe459659bb681a2f1463acb503e8203191645af33cb2bec3b	154b289b27a1b2127cf55c5870c5a2439baad313	generated-render-or-review-artifact	retain-project-prompt-report-provenance-and-NLS-attribution-where-map-derived
docs/graphics-v2/pipeline-experiments/idea-bf-grove-a-topology-notebook-refine.png	3560395	f8619a416b0bb572d76e6b4b112bf8c04081b05e6fb564339509da746d93db74	07932498069360e9b0dfd50ca27d1bb610acbcfb	generated-render-or-review-artifact	retain-project-prompt-report-provenance-and-NLS-attribution-where-map-derived
docs/graphics-v2/pipeline-experiments/idea-bg-grove-a-structure-preserving-notebook-refine.png	3524377	e84f08eb6cc04f8f96849a8f09a52246da0bb9f52038b4eba167070f539e5ea7	95d735bea692566bea37f1cc2f5b02fb3153627a	generated-render-or-review-artifact	retain-project-prompt-report-provenance-and-NLS-attribution-where-map-derived
docs/graphics-v2/pipeline-experiments/idea-bh-grove-a-upper-garden-structure-reference.png	289117	da4cb818a23544762b81e333cffbed952d4ce937418e6b00e0f6dbb69bf46df0	81798028ceba656c59e580497ec33f948dc83064	generated-render-or-review-artifact	retain-project-prompt-report-provenance-and-NLS-attribution-where-map-derived
docs/graphics-v2/pipeline-experiments/idea-bh-grove-bg-upper-structure-repair.png	3550206	88c04addbca9abd4904c61d930257b35c5ce345c8592d58605b6dfa505b0e75a	a1503ba65de03574bbc3656dba71cc2faa2dd873	generated-render-or-review-artifact	retain-project-prompt-report-provenance-and-NLS-attribution-where-map-derived
docs/graphics-v2/pipeline-experiments/idea-bh-grove-map-upper-garden-reference.png	385795	40047349024d99bd60f0156af64b58c339c5f8432e61d6a6d58f27c1560237a9	ee417c798b3fe268d9a6d3461f3d57d618716946	generated-render-or-review-artifact	retain-project-prompt-report-provenance-and-NLS-attribution-where-map-derived
docs/graphics-v2/pipeline-experiments/idea-bi-d-doors-on-openings-repair.png	2622716	a785baa496034917bbca0542501b0cb93545795ca6578c28beebecd4ec4f4a65	71f9e4c53c51c1cd3ec89626c5f94058eeb790e2	generated-render-or-review-artifact	retain-project-prompt-report-provenance-and-NLS-attribution-where-map-derived
docs/graphics-v2/pipeline-experiments/idea-bj-audit-beechwood-core-bj.png	1295955	ffc82805b5b3f4b323d6608ca7485b5e0710df423d79055989f82dd78dd6e82f	9855070e8698855b5f3f361b1d53d466adfdd4b1	generated-render-or-review-artifact	retain-project-prompt-report-provenance-and-NLS-attribution-where-map-derived
docs/graphics-v2/pipeline-experiments/idea-bj-audit-beechwood-core-m.png	1227946	f1896aa9f0b0e49c99380717aea49832b43ae2a11124012998d8844f3609a188	05bdfcf5cd32888d15a76663bdf8dcdea1baabef	generated-render-or-review-artifact	retain-project-prompt-report-provenance-and-NLS-attribution-where-map-derived
docs/graphics-v2/pipeline-experiments/idea-bj-audit-beechwood-core-q.png	1347980	48a21491c15caf8e866eba5d3daccef56223f07c272e129905004db22781d3e2	8fc1d8b687380856d39d5389be4d74e7d13fd33d	generated-render-or-review-artifact	retain-project-prompt-report-provenance-and-NLS-attribution-where-map-derived
docs/graphics-v2/pipeline-experiments/idea-bj-audit-compound-facades-bj.png	388743	8d3278aef58f237e37f8f763e9ae265f03303e84644224cfc2b21979ff97aa65	ef5850e023a0c88aa1cbd8bb97311e46a11ac7fa	generated-render-or-review-artifact	retain-project-prompt-report-provenance-and-NLS-attribution-where-map-derived
docs/graphics-v2/pipeline-experiments/idea-bj-audit-compound-facades-m.png	399602	efa34ed3e79ce1a297d1869fa69d1c1235c141a6de7b6bbbb88952bd91f9d510	0fc237d513254d35e5433bfb9873b9eaacd2e369	generated-render-or-review-artifact	retain-project-prompt-report-provenance-and-NLS-attribution-where-map-derived
docs/graphics-v2/pipeline-experiments/idea-bj-audit-compound-facades-q.png	402537	5deb596ed1cb9b876cd9c4394b6d5b859f774c31b75a671ca7484ceca89b9752	6cb3aac9e6219723452f7bbb4e8d69a3c0c6e765	generated-render-or-review-artifact	retain-project-prompt-report-provenance-and-NLS-attribution-where-map-derived
docs/graphics-v2/pipeline-experiments/idea-bj-audit-garden-regular-bj.png	667838	2155f2aaf9223300ed3d4bfbb136934afc4352c68f2aaea9174a7fab1e34e2c9	0943a5c920d907e54e96eaed0162e4771eac12db	generated-render-or-review-artifact	retain-project-prompt-report-provenance-and-NLS-attribution-where-map-derived
docs/graphics-v2/pipeline-experiments/idea-bj-audit-garden-regular-m.png	585000	7df30c3d56c34d99cbd6fbfaaba1ebdcac2377fa4cd42502b8caf1e729b3e703	984817b1ca3a626b122c73ef14ed63a6ce3083ee	generated-render-or-review-artifact	retain-project-prompt-report-provenance-and-NLS-attribution-where-map-derived
docs/graphics-v2/pipeline-experiments/idea-bj-audit-garden-regular-q.png	695182	9f210a826d852d484f255dba0c71ff2f314be7e0bc048c18f2a3f150bc506e94	87744cc17358b4e37640f6a7e5b2b4885acced60	generated-render-or-review-artifact	retain-project-prompt-report-provenance-and-NLS-attribution-where-map-derived
docs/graphics-v2/pipeline-experiments/idea-bj-audit-lower-buildings-bj.png	363771	65628173a656ea4663b49a2ba845b4974636e50a6bd7b8c6148503a562d92c9c	4ba48e9bed39d2503216a82b9c7602ba0e68afc2	generated-render-or-review-artifact	retain-project-prompt-report-provenance-and-NLS-attribution-where-map-derived
docs/graphics-v2/pipeline-experiments/idea-bj-audit-lower-buildings-m.png	339428	fd61493425ad746b344854a275522cfc0e56a6a4084107a2d864ec26d412bf60	107e3540f0013209c8b29bcc7e725fba99787c61	generated-render-or-review-artifact	retain-project-prompt-report-provenance-and-NLS-attribution-where-map-derived
docs/graphics-v2/pipeline-experiments/idea-bj-audit-lower-buildings-q.png	378141	4df8861f6525315bcb97580004ce15e82a78e650902fbb54d56d1edf9509427f	4a55f6cee50cf42cd64380ab5c7dae9dfcc293ae	generated-render-or-review-artifact	retain-project-prompt-report-provenance-and-NLS-attribution-where-map-derived
docs/graphics-v2/pipeline-experiments/idea-bj-audit-original-facade-road.png	641986	1f954e34950d01cd12ae67be8893f6053abc4212ae463d355d165ee205446a78	8095267fe497462dd8458ee0dece15ec93209bec	generated-render-or-review-artifact	retain-project-prompt-report-provenance-and-NLS-attribution-where-map-derived
docs/graphics-v2/pipeline-experiments/idea-bj-audit-original-style-scene.png	975450	5b3e6af7ad322661e2bea4832313cf8304e40adb89c924c2a17f2dd2ce0237c1	df78f8b6c9db38b00120ad18e3e0e51cd35aef42	generated-render-or-review-artifact	retain-project-prompt-report-provenance-and-NLS-attribution-where-map-derived
docs/graphics-v2/pipeline-experiments/idea-bj-beechwood-q-notebook-repaint.png	3512974	7f4fc552fcc891d35c0919c72378a533edb52ef5fbe329b2b759e9e20d5cf970	4cfdc3808f26c1426beaafa145b2645fe7ed7bc1	generated-render-or-review-artifact	retain-project-prompt-report-provenance-and-NLS-attribution-where-map-derived
docs/graphics-v2/pipeline-experiments/idea-bm-beechwood-55-map-crop.png	1043563	e57ea90bdbfc881363885b7b6d90bb59f403a4b3c09b12193e93cdac0d99e7a1	296ecd893a75910ca76ec789aa04629137951c84	nls-map-source-or-crop	CC-BY-NLS
docs/graphics-v2/pipeline-experiments/idea-bm-beechwood-70-map-crop.png	1678387	a1efe9af44af791bb75347077d67cc60da35833350c67ed1229821060c714190	28a8a2479fc343a88783b38e2d4a18555f1d3c7e	nls-map-source-or-crop	CC-BY-NLS
docs/graphics-v2/pipeline-experiments/idea-bm-beechwood-topdown-55-control.png	1001744	14f135652a1e904da044059cdfae8bda3c70ac6e3424e6e2283ffe33a5981fad	028eb58958e07618848a5cf953d720336ca33c60	derived-control-or-analysis	retain-NLS-CC-BY-where-map-derived-and-project-sidecar
docs/graphics-v2/pipeline-experiments/idea-bm-beechwood-topdown-55-oblique-y040.png	1043834	60d616fafbfb205d0a5ab8a2e184fd6508c206dfb54216f8d63e032ddce2538c	6485fdeda0bb6aca8a3ed5d128be91d40b5f931a	generated-render-or-review-artifact	retain-project-prompt-report-provenance-and-NLS-attribution-where-map-derived
docs/graphics-v2/pipeline-experiments/idea-bm-beechwood-topdown-55-oblique-y048.png	1270652	7dff000e99d92668c755176a5dd28b57461697660b0851db31daf9729d11ffc3	a975c95d0c3de75923b05d624fc1189b991f0001	generated-render-or-review-artifact	retain-project-prompt-report-provenance-and-NLS-attribution-where-map-derived
docs/graphics-v2/pipeline-experiments/idea-bm-beechwood-topdown-70-control.png	1559810	24daa9867d0426fc6b587c9455123eb80a85e0bc0b2baa6830bf1f03925778db	8a1bfde44fa2a79935aba67b1f806e1682ffb45e	derived-control-or-analysis	retain-NLS-CC-BY-where-map-derived-and-project-sidecar
docs/graphics-v2/pipeline-experiments/idea-bm-beechwood-topdown-70-oblique-y040.png	1046585	0ee37f0846e7e0653e1de4680ab01fcdb04a5e20f25c9aa9322039a1057bac95	73188db9246da7254e02387bd49c8e42b8b5d89a	generated-render-or-review-artifact	retain-project-prompt-report-provenance-and-NLS-attribution-where-map-derived
docs/graphics-v2/pipeline-experiments/idea-bm-beechwood-topdown-70-oblique-y048.png	1287275	fb5a32f0ae0242bcff98568c4dc89571ba1571a08f6ae4a936f55ff9e7ff3317	ad2113b61c13e6dad8acac442bad1fa67cc91965	generated-render-or-review-artifact	retain-project-prompt-report-provenance-and-NLS-attribution-where-map-derived
docs/graphics-v2/pipeline-experiments/idea-bm-e1-kilteevan-70-y048-isomorphic.png	3350754	49e0432c81880fbe46871a804a1398fadc7f71816822c28e7ba0d2fa05da1ce0	2470410fa0a54046e2a7bf3cd1c0fd86ecd20229	generated-render-or-review-artifact	retain-project-prompt-report-provenance-and-NLS-attribution-where-map-derived
docs/graphics-v2/pipeline-experiments/idea-bm-e2-kilteevan-55-y040-isomorphic.png	3450931	a3c0456800509a43de79fe865fe0f1e11a88e1b1c306e8302057260e420fa741	85860ce03dee00a0a232090d7bb35b4a6f5f7cc2	generated-render-or-review-artifact	retain-project-prompt-report-provenance-and-NLS-attribution-where-map-derived
docs/graphics-v2/pipeline-experiments/idea-bm-e3-kilteevan-z17-55-y040-isomorphic.png	3510119	215ff9fb909fee6067ff76d83090b66307b6bad05430b422e46769d7763fb2f5	5688551890667b88f9880ca157a83a1272e01e10	generated-render-or-review-artifact	retain-project-prompt-report-provenance-and-NLS-attribution-where-map-derived
docs/graphics-v2/pipeline-experiments/idea-bm-e4-kilteevan-z17-55-y040-path-wall-isomorphic.png	3505993	c8d4fff3a5a37f97844a0c584dec798c060be913ddc8024ffa59932eb61b567e	d02bff64fb450f2298038383619376536322e69f	generated-render-or-review-artifact	retain-project-prompt-report-provenance-and-NLS-attribution-where-map-derived
docs/graphics-v2/pipeline-experiments/idea-bm-e5-beechwood-55-y040-isomorphic.png	3389668	56e535da94070f51a54551c2e54036208e44be2c78c5aa3846ff53c25a6c8bb0	d846ab53df8b6b2621cc46d1b81516f7ba78a8b5	generated-render-or-review-artifact	retain-project-prompt-report-provenance-and-NLS-attribution-where-map-derived
docs/graphics-v2/pipeline-experiments/idea-bm-e6-grove-55-y040-isomorphic.png	3418268	2d40c96acdc4468497c59f65c96a5237874bf503854c8ceaa9ba22de900d2381	8ae7cdf46cd3c2a3cce7e4aa584759d30eb7c5a9	generated-render-or-review-artifact	retain-project-prompt-report-provenance-and-NLS-attribution-where-map-derived
docs/graphics-v2/pipeline-experiments/idea-bm-grove-55-map-crop.png	414566	47abf390f8439dd0c7820e22984d21c774e9c25f4c7d40d7a078295768091e53	771fde930bb1e86476d19083dc335f91e627c040	nls-map-source-or-crop	CC-BY-NLS
docs/graphics-v2/pipeline-experiments/idea-bm-grove-70-map-crop.png	662075	2772bef245bf955fc22b0289a3d25308016930eaf047773bca8c338b288b60e0	bc1f1ebb5959166deb418d83fb5e14bbd51e32ac	nls-map-source-or-crop	CC-BY-NLS
docs/graphics-v2/pipeline-experiments/idea-bm-grove-topology-55-oblique-y040.png	1057822	0fa3bc49c413ede9e7066dc3fc9a10d19e336978c374a2e0ab34d8a6019d1cbc	ebdf4569f3672fdbdd9997f8a06ab201712440c0	generated-render-or-review-artifact	retain-project-prompt-report-provenance-and-NLS-attribution-where-map-derived
docs/graphics-v2/pipeline-experiments/idea-bm-grove-topology-55-oblique-y048.png	1260122	d20893c666d236880d64ec733758ea179251a9565e638aa4f67760b4d4a2d2ed	a41099ae5d7832760c3fd0a55355dcf46f9c10b0	generated-render-or-review-artifact	retain-project-prompt-report-provenance-and-NLS-attribution-where-map-derived
docs/graphics-v2/pipeline-experiments/idea-bm-grove-topology-55-target.png	863311	b9c0c4b847d7dddaa06919379b1d0d8c8005c7e6b82c8f4a1574c7358af57e5d	f7fa170b1503634a26de543c072354c954983d4a	generated-render-or-review-artifact	retain-project-prompt-report-provenance-and-NLS-attribution-where-map-derived
docs/graphics-v2/pipeline-experiments/idea-bm-grove-topology-70-oblique-y040.png	1098156	16b02efdd982d17046ddc9ef95b3e1a918b756091e4184638bd75a546ef180a6	5cb5be828aa795856e6d27e240785eb7bcf032f8	generated-render-or-review-artifact	retain-project-prompt-report-provenance-and-NLS-attribution-where-map-derived
docs/graphics-v2/pipeline-experiments/idea-bm-grove-topology-70-oblique-y048.png	1330171	969d7b23a0754f2065c43178052219852612c9f4663963be278c0cb0d734dd2b	ee1c19d5a71e8517d41037e13db0b5d0d8f63c9b	generated-render-or-review-artifact	retain-project-prompt-report-provenance-and-NLS-attribution-where-map-derived
docs/graphics-v2/pipeline-experiments/idea-bm-grove-topology-70-target.png	1378124	540191ebc18869d82f9d3a3612c5e6c91814048f383f949eb66cab17c8b5f2d3	af8a0d3314a45f10d457d83ec440ad1744ea5cf5	generated-render-or-review-artifact	retain-project-prompt-report-provenance-and-NLS-attribution-where-map-derived
docs/graphics-v2/pipeline-experiments/idea-bm-kilteevan-playable-55-map-crop.png	78426	96379fc38b52e052564d78b9fce235e413b8d987ee9dede699597acbdf721aac	f21c8a8cc50d9f114edcbd78f7c7564d7fce5a9a	nls-map-source-or-crop	CC-BY-NLS
docs/graphics-v2/pipeline-experiments/idea-bm-kilteevan-playable-55-no-admin-crop.png	74846	f09c1d961f68ca1b23574fcc6588e75fb7bffd8219cae5f4d8328ad918881c38	042b86bab30f6dc397e012ed5c589a5f4793d540	generated-render-or-review-artifact	retain-project-prompt-report-provenance-and-NLS-attribution-where-map-derived
docs/graphics-v2/pipeline-experiments/idea-bm-kilteevan-playable-70-map-crop.png	123243	aa2e4c967ccd31076e91fda67d7e17883c5fc0e1cd83f7b3db2d98274dfc35a0	b612269d5515be3d1dc4781ac7efff4101c387b0	nls-map-source-or-crop	CC-BY-NLS
docs/graphics-v2/pipeline-experiments/idea-bm-kilteevan-playable-70-no-admin-crop.png	118273	f428053cc2c30204e39c82717072b2a17ffd3cef09a580adf9323ea3cbfc7496	a2511f269ca67022b317430964d83e109723c98d	generated-render-or-review-artifact	retain-project-prompt-report-provenance-and-NLS-attribution-where-map-derived
docs/graphics-v2/pipeline-experiments/idea-bm-kilteevan-topdown-55-control-1672.png	2661571	dff8c8f6c404f1fdf1f0bcb1b3e36ea5c1d2c8fe05f611fd0e40085c9ff5043a	c4cf8627f0af36609b6eddc625bfc1c815549f80	derived-control-or-analysis	retain-NLS-CC-BY-where-map-derived-and-project-sidecar
docs/graphics-v2/pipeline-experiments/idea-bm-kilteevan-topdown-55-control.png	1002152	e50ceb3cb6e39357f20409bc29a9ef0f04e0636dd58ecdf40eff101d51e00585	a915d1e88e66c296d0f7c57477a0b332e6fe20ce	derived-control-or-analysis	retain-NLS-CC-BY-where-map-derived-and-project-sidecar
docs/graphics-v2/pipeline-experiments/idea-bm-kilteevan-topdown-55-oblique-y040.png	1061036	ca787513ae68a110cdc16a4395f3b99d8c31d772083876c96121494977e6db53	690a038a6840fa74c79f0d24c438ffcbe202b6bc	generated-render-or-review-artifact	retain-project-prompt-report-provenance-and-NLS-attribution-where-map-derived
docs/graphics-v2/pipeline-experiments/idea-bm-kilteevan-topdown-55-oblique-y048.png	1289983	6f1df87328bf05ba907c1813b9ecaafce8996cce995629dbe6daee493b79a3ec	6b984696ee1ec75c37c7040142cbae66c603d7a1	generated-render-or-review-artifact	retain-project-prompt-report-provenance-and-NLS-attribution-where-map-derived
docs/graphics-v2/pipeline-experiments/idea-bm-kilteevan-topdown-55-oblique-y058.png	1545493	35cdd32ac0b2fb4e7dc783beadb31cd95f941b7670ffa604b3d9dc114d400506	fa9d797fe891c5f4ab5e7a2cc9a7bd36dc493ce9	generated-render-or-review-artifact	retain-project-prompt-report-provenance-and-NLS-attribution-where-map-derived
docs/graphics-v2/pipeline-experiments/idea-bm-kilteevan-topdown-70-control-1672.png	2863709	4ed5d6285d39dc6478a84363d14d11d7b6325b8be36b7c4846f6d107c72ceeff	8552661e75712578da5d93be4f61dd7fa8026776	derived-control-or-analysis	retain-NLS-CC-BY-where-map-derived-and-project-sidecar
docs/graphics-v2/pipeline-experiments/idea-bm-kilteevan-topdown-70-control.png	1585275	cb7d9493452c1603ee160fdacd15c4cb16fedadc96e6886b43b9bb80c4d7dad4	ee527d19783a223f2d704432f6490cbca4825084	derived-control-or-analysis	retain-NLS-CC-BY-where-map-derived-and-project-sidecar
docs/graphics-v2/pipeline-experiments/idea-bm-kilteevan-topdown-70-oblique-y040.png	1083093	4ded86fb5f204a8b1b55a166ed759a6e821bf559687985a28f59d26ceee1ab18	716cb263055f973dd7c2e75c8b9aad5653ae2afe	generated-render-or-review-artifact	retain-project-prompt-report-provenance-and-NLS-attribution-where-map-derived
docs/graphics-v2/pipeline-experiments/idea-bm-kilteevan-topdown-70-oblique-y048.png	1326342	7d50f43a5d15e727258cbda427a2f1a0f18f75c83790ec89e588bc9b4bdcebdf	8f7d38e5b7e81a15fb5e9e139052c0e58024f2c1	generated-render-or-review-artifact	retain-project-prompt-report-provenance-and-NLS-attribution-where-map-derived
docs/graphics-v2/pipeline-experiments/idea-bm-kilteevan-topdown-70-oblique-y058.png	1613818	41006b15b7d379b4815b8626ccaa93005bb2006def1d77af5ef0a9916c01defd	6c22f56b9390a913cb15bf52cef71b8e6f06b0fa	generated-render-or-review-artifact	retain-project-prompt-report-provenance-and-NLS-attribution-where-map-derived
docs/graphics-v2/pipeline-experiments/idea-bm-kilteevan-z17-native-55-map-crop.png	173967	9e7975d162c9d9102309639121297600216d9b737b58756622f93d33edf653c4	4e2b51b3f3ef9cbd808472f5e5eb2d53686010e7	nls-map-source-or-crop	CC-BY-NLS
docs/graphics-v2/pipeline-experiments/idea-bm-kilteevan-z17-native-70-map-crop.png	274772	8db3ac12ffd3a971b1f275b3fa9105653937a1c2ca36f814bf89bb03cff1645d	448ca45d6e04fd8c210d61c7dfae09bf104687dc	nls-map-source-or-crop	CC-BY-NLS
docs/graphics-v2/pipeline-experiments/idea-bm-transform-calibration-contact-sheet.png	1433239	a406114b5f2ea14e63dd9421510a2f51859fb694321233f1aca4b018ed41b112	a65473706f82d935c3820f6a35726be3ba989272	generated-render-or-review-artifact	retain-project-prompt-report-provenance-and-NLS-attribution-where-map-derived
docs/graphics-v2/pipeline-experiments/idea-bn-e1-kilteevan-north-20deg-incremental.png	3464886	2a50dfedc471b736670dbae33867cca38aac7cf0e2ee9300df518706cade9c7e	58404fa8dc22ebdca381dc4359a24ddcc5ed56ab	generated-render-or-review-artifact	retain-project-prompt-report-provenance-and-NLS-attribution-where-map-derived
docs/graphics-v2/pipeline-experiments/idea-bn-e2-kilteevan-north-10deg-incremental.png	3432597	0b80cb8ac76e976dec59dd3496b57112408d1d3f79bd5f819ba6e7102ed108da	07cd41a3af50e594ccd86f72acdbb9ffa8d30459	generated-render-or-review-artifact	retain-project-prompt-report-provenance-and-NLS-attribution-where-map-derived
docs/graphics-v2/pipeline-experiments/idea-bn-kilteevan-north-10deg-map-control-cue.png	2147834	a9ce4cf769199179c2967db36e991c1a504ef98beeca0781f477f111c998e42c	1b3c3f64a2163c0a195edf72b2c1982396ed0ced	derived-control-or-analysis	retain-NLS-CC-BY-where-map-derived-and-project-sidecar
docs/graphics-v2/pipeline-experiments/idea-bn-kilteevan-north-15deg-map-control-cue.png	2118999	ff59d74882edaa72c72e4e64c2f7a5cb2ca5eafcae310c63470da537500fe574	51250672d96d594060cc64114be872e1c95079c2	derived-control-or-analysis	retain-NLS-CC-BY-where-map-derived-and-project-sidecar
docs/graphics-v2/pipeline-experiments/idea-bn-kilteevan-north-20deg-map-control-cue.png	2090845	245ea8dd02a0260fb325ac459a20b302f029b08bb9536a718bb0e2b80072d3a6	cf65dac82d0bcd6e41d510d70f6487027b1ab612	derived-control-or-analysis	retain-NLS-CC-BY-where-map-derived-and-project-sidecar
docs/graphics-v2/pipeline-experiments/idea-bn-kilteevan-z17-north-10deg-compressed-cue.png	1633049	37c44edbf4f4c3404cfd52833b80fc05ecef508100db1f2f72a08b06a4da2527	c1404405827ebfb7bad3e1b1f55e8d8626ce1007	derived-control-or-analysis	retain-NLS-CC-BY-where-map-derived-and-project-sidecar
docs/graphics-v2/pipeline-experiments/idea-bn-kilteevan-z17-north-10deg-source-window.png	622913	4a7fc67877cf49dc9a25761113e505ebf1bda2064339477b774ae5f37eb61c06	ea0a46425256d11dbef08ea54e05cda4b72bbf77	nls-map-source-or-crop	CC-BY-NLS
docs/graphics-v2/pipeline-experiments/idea-bn-kilteevan-z17-north-15deg-compressed-cue.png	1630969	244550ead0de671ab39d9d6f88d13969fc28911d826684eeea1be428e569e687	6f1507c7d964cec054f8d1bb552a75fb9d980ec6	derived-control-or-analysis	retain-NLS-CC-BY-where-map-derived-and-project-sidecar
docs/graphics-v2/pipeline-experiments/idea-bn-kilteevan-z17-north-15deg-source-window.png	471894	f383e5662c980cafa4a55c9e4fcc955f612097e0d87eee640b2dc9d910fee7c6	604b32d6a133828103164aedd71ad6794a7c06ab	nls-map-source-or-crop	CC-BY-NLS
docs/graphics-v2/pipeline-experiments/idea-bn-kilteevan-z17-north-20deg-compressed-cue.png	1609615	ec4f1333ba537c54804b312c8e395f9a7e2bdd8b1d48f0c5b5370abad29e0094	2c1076e10fdfb4c05073f16906cc528e80590fd0	derived-control-or-analysis	retain-NLS-CC-BY-where-map-derived-and-project-sidecar
docs/graphics-v2/pipeline-experiments/idea-bn-kilteevan-z17-north-20deg-source-window.png	329098	f2d3da3a31e4f993336c3103b90c3a3ca5aad2c6204fecca29fa85f71001a7d2	bb7c0ca8e1720e1771b8acb92181838647121aba	nls-map-source-or-crop	CC-BY-NLS
docs/graphics-v2/pipeline-experiments/idea-bn-kilteevan-z17-north-extended-mosaic.png	2177608	d210515f555163b47eab29e75edc38d9b8c8937b098d057fcc897e2607467ca6	8b9ac67402b7fda299989dcdc1411310f3d6e255	nls-map-source-or-crop	CC-BY-NLS
docs/graphics-v2/pipeline-experiments/idea-bn-kilteevan-z17-north-tiles/17/62585/42306.png	53357	8700801ec8ed80c898b78711f75c3dc5f144192cb137fe3a2e86fc08c4fc0f52	81e0e98e38a88399ab9fdd272b98171815f385f4	nls-map-source-or-crop	CC-BY-NLS
docs/graphics-v2/pipeline-experiments/idea-bn-kilteevan-z17-north-tiles/17/62585/42307.png	48617	966afd0e5bbafa5a456bca398b675aa44da3c7e849a669a6045437cf334563f5	8e818c089a1b218e3ecb9afcaf85e3fe8bf26d21	nls-map-source-or-crop	CC-BY-NLS
docs/graphics-v2/pipeline-experiments/idea-bn-kilteevan-z17-north-tiles/17/62585/42308.png	48111	17d90cfa534d5cc82988f16c8fc5a662d3a5ddaedd09b6c6ca387576fea04ccf	7d2e834f71649f0ecc8d1f74ac5d2068cc855a09	nls-map-source-or-crop	CC-BY-NLS
docs/graphics-v2/pipeline-experiments/idea-bn-kilteevan-z17-north-tiles/17/62585/42309.png	45614	338e61b856e9d3d2671d28e00b3711aba3ee65cfa068d1728f8b41b74729d963	30913094edc7dbf60837244f7d04adbf19057ca3	nls-map-source-or-crop	CC-BY-NLS
docs/graphics-v2/pipeline-experiments/idea-bn-kilteevan-z17-north-tiles/17/62585/42310.png	47196	eac1016b765ea336198817db94731170edec572f0615b25543daf45ccee263e6	24e3f46ae8d6ac67169b90c4b019f3e6d220b519	nls-map-source-or-crop	CC-BY-NLS
docs/graphics-v2/pipeline-experiments/idea-bn-kilteevan-z17-north-tiles/17/62585/42311.png	49944	9ce19f75d54bd1781118208a9b21dff737d3adc8bd5d6c53d4c224cd89a8ed7b	bb1da68566d923e016be06c0bdbff379a6e393c8	nls-map-source-or-crop	CC-BY-NLS
docs/graphics-v2/pipeline-experiments/idea-bn-kilteevan-z17-north-tiles/17/62585/42312.png	46956	9f3ffd83ab0fa870f1edd8f75f864739b126d6fd57e50930c6deabaf18969e5c	ec4f01c06477ed27f6c8451b866d985f59b1580a	nls-map-source-or-crop	CC-BY-NLS
docs/graphics-v2/pipeline-experiments/idea-bn-kilteevan-z17-north-tiles/17/62586/42306.png	47966	c1424807fe8551e43d393d42f834f7066c3158fdd47dc44f9b51081582ccc434	ca945d631da6d52d0f1182e53402c8be68522604	nls-map-source-or-crop	CC-BY-NLS
docs/graphics-v2/pipeline-experiments/idea-bn-kilteevan-z17-north-tiles/17/62586/42307.png	46551	817cf3f7627d423dbfce1279794dab048e3ce2c5430cf43f7ec19c857634ac21	03b8e9c5046ee67c791545e9664c82701f1e06cb	nls-map-source-or-crop	CC-BY-NLS
docs/graphics-v2/pipeline-experiments/idea-bn-kilteevan-z17-north-tiles/17/62586/42308.png	45377	94ec395cd22650e925eec2c6850fec86c0ba580ae51704305fb963b8802a8da2	c2fd8900007cdb557b2edc78cc85f7f2844766cb	nls-map-source-or-crop	CC-BY-NLS
docs/graphics-v2/pipeline-experiments/idea-bn-kilteevan-z17-north-tiles/17/62586/42309.png	44322	b753e8f2d26070e896da513c2cf7bef3782e57043720770c6913a38a4ed504e9	3465b16eddc1e60e2be9ff1914a43b782f7f6dd9	nls-map-source-or-crop	CC-BY-NLS
docs/graphics-v2/pipeline-experiments/idea-bn-kilteevan-z17-north-tiles/17/62586/42310.png	48568	43b03a419eadf6291c6822ed1f24c91560867174bf9c43ecc8fde77b1c5d9a13	aa44324940c14a348b883ebde52e5166e0b8816a	nls-map-source-or-crop	CC-BY-NLS
docs/graphics-v2/pipeline-experiments/idea-bn-kilteevan-z17-north-tiles/17/62586/42311.png	53337	692206413106b962abe33a2e48b210b03116ebbef6ba474f60c23cb2b3d7316f	eac447c715b1c71347bbbb8fd35c0d50c7f28590	nls-map-source-or-crop	CC-BY-NLS
docs/graphics-v2/pipeline-experiments/idea-bn-kilteevan-z17-north-tiles/17/62586/42312.png	47553	6da7488e68830742faab8ab117e9a4f10d4b8d153b8aa147384707c8a488b538	8111afc3e6b4a6641e7b661442990212fc877a4a	nls-map-source-or-crop	CC-BY-NLS
docs/graphics-v2/pipeline-experiments/idea-bn-kilteevan-z17-north-tiles/17/62587/42306.png	46593	9d9608690501a71680aabfa367fa9f91fc002d62a013f3dadeb82cd528dddbf0	7276c611fdb58fd0785e8a17a84fa6a7861fe8ff	nls-map-source-or-crop	CC-BY-NLS
docs/graphics-v2/pipeline-experiments/idea-bn-kilteevan-z17-north-tiles/17/62587/42307.png	46669	63df846b3bd0c8b5129f520dcb67b52f153037199e38dbd503c62d6b78b4344c	a61a86944ffff0bb96e5a6dae3da5b86d2858416	nls-map-source-or-crop	CC-BY-NLS
docs/graphics-v2/pipeline-experiments/idea-bn-kilteevan-z17-north-tiles/17/62587/42308.png	45892	3049979e5bd5345f4881283da8e8d117f712d44a6b3a274c26f629a770e6f050	ca48a2be81dde6ff456a606571e544c7020b9612	nls-map-source-or-crop	CC-BY-NLS
docs/graphics-v2/pipeline-experiments/idea-bn-kilteevan-z17-north-tiles/17/62587/42309.png	40697	c984a5b3343339e447005c6afb3a50a5b08b68d5386ae39a62b638388173b9b7	50292f9e936337ccbc7f4f17af38360e9ef647e0	nls-map-source-or-crop	CC-BY-NLS
docs/graphics-v2/pipeline-experiments/idea-bn-kilteevan-z17-north-tiles/17/62587/42310.png	34625	899a5da52a36076269f0ec5dd134deaf342ad55f86c9b40a0732aa59080ccaeb	2894340e83b9e6739d936e53414fd6493429d8a6	nls-map-source-or-crop	CC-BY-NLS
docs/graphics-v2/pipeline-experiments/idea-bn-kilteevan-z17-north-tiles/17/62587/42311.png	39542	d48a468117f86ebb9c01a20cebf09b43df449ee6511eced0479812858ed6a9dc	920fd7c24bb305c8ee8ff1ca32fd7c58e470cb01	nls-map-source-or-crop	CC-BY-NLS
docs/graphics-v2/pipeline-experiments/idea-bn-kilteevan-z17-north-tiles/17/62587/42312.png	46001	693684899d5da5fc82a080a7af97d86f8586095df68c6fa54530cc0f05b4aaa7	f8c60d15ffa7a6910fa3f61fbc70fa7ec6d9b150	nls-map-source-or-crop	CC-BY-NLS
docs/graphics-v2/pipeline-experiments/idea-bn-north-extension-cue-contact-sheet.png	1319275	e1bd4173a6d7b31347cc4578c4e5132f3f9820002aeeb9f48effc012e3d4bfd6	01d2ea67584cca610b04796d61351c3c9ff2795f	derived-control-or-analysis	retain-NLS-CC-BY-where-map-derived-and-project-sidecar
docs/graphics-v2/pipeline-experiments/idea-bo-e1-kilteevan-bn-e2-orthographic-rectify.png	3386557	dce006b3af6ffd2f5815133c2a49366f8f08f252d41a7de9442343b0c5f125d3	7e00dcd2f59a9b96aa38d2f1cd6ae8cf2acbfa3d	generated-render-or-review-artifact	retain-project-prompt-report-provenance-and-NLS-attribution-where-map-derived
docs/graphics-v2/pipeline-experiments/idea-bo-e2-kilteevan-bn-e2-soft-orthographic-rectify.png	3432164	c871572dcdf21232fabe758ecfc7caeef078fa30d2a72bacf6a7249750b31140	6dc3f1616df5b9ad54cb2f2eff17522a6f657b81	generated-render-or-review-artifact	retain-project-prompt-report-provenance-and-NLS-attribution-where-map-derived
docs/graphics-v2/pipeline-experiments/idea-bp-bn-e2-hard-isomorphic-grid-check.png	3604037	32a376719641cc70b098b5f328a9b1078d75050f0866a9b40482b77879222933	a61b6d4057d1e2ce0c98a6d88e8f589d8d7ebfaf	derived-control-or-analysis	retain-NLS-CC-BY-where-map-derived-and-project-sidecar
docs/graphics-v2/pipeline-experiments/idea-bp-bo-e2-hard-isomorphic-grid-check.png	3618298	dc613f483915b74e1eb08ce21ef450784ea60fdf6aea6dfa3abfbf81078e9026	7139033f4c13198d655288e47efede4c225d6c94	derived-control-or-analysis	retain-NLS-CC-BY-where-map-derived-and-project-sidecar
docs/graphics-v2/pipeline-experiments/idea-bp-e1-hard-isomorphic-grid-check.png	3913036	993f9cb6bd47893ff5450fc6b487d2b0078b8692fd4c448139918b795cb37350	30716fe91fd667b22dab61badcd0e47cdb5cc58b	derived-control-or-analysis	retain-NLS-CC-BY-where-map-derived-and-project-sidecar
docs/graphics-v2/pipeline-experiments/idea-bp-e1-kilteevan-art-last-grid-locked.png	3662405	fa72def16c154b6dc0065232ff29e28ac00e008193d4f5d60b94a1bf7ee70a38	86b5217b3321362936b66ad1703545f8df6f0d1c	derived-control-or-analysis	retain-NLS-CC-BY-where-map-derived-and-project-sidecar
docs/graphics-v2/pipeline-experiments/idea-bp-e2-hard-isomorphic-grid-check.png	3564851	9e686bc0932233741abed78378f566eb0dabb7bdb9b2b7ec18408b6eb9ea0b92	5248d7936734862a5aee6dd8a68574d207ca3236	derived-control-or-analysis	retain-NLS-CC-BY-where-map-derived-and-project-sidecar
docs/graphics-v2/pipeline-experiments/idea-bp-e2-kilteevan-art-last-grid-style-tighten.png	3758180	9841e18130cf2f08f22f417d903e9db23d8b335a904369c318371039fffd451c	5b5c6480385ad17b97ba7ace4b73c1b694e75157	derived-control-or-analysis	retain-NLS-CC-BY-where-map-derived-and-project-sidecar
docs/graphics-v2/pipeline-experiments/idea-bp-hard-isomorphic-grid-reference.png	68736	4a8564966f51a2989520ffd8ba5617e8274a63cde97ad5ace12028620efb2426	d4fd572d5d9cd4c9a051ed46f6d6950c76827bc8	derived-control-or-analysis	retain-NLS-CC-BY-where-map-derived-and-project-sidecar
docs/graphics-v2/pipeline-experiments/idea-bq-bp-e2-scale-audit-overlay.png	3723897	13f4999410f34d37da0791ae74abda187bd4dddeb56a067a7356d0560de5710f	e2fff54ba0f4ac065d786e058381ef9313774774	derived-control-or-analysis	retain-NLS-CC-BY-where-map-derived-and-project-sidecar
docs/graphics-v2/pipeline-experiments/idea-bq-bp-e2-scale-markers-only.png	3694313	7b2171f60bb1b074b461d166b358f5521cf03da0c91ce1e0167fb8690db18645	2ecb0b0d73bb3535ddc860f13d5c3119ec2cd0f2	derived-control-or-analysis	retain-NLS-CC-BY-where-map-derived-and-project-sidecar
docs/graphics-v2/pipeline-experiments/idea-bq-e1-kilteevan-scale-lock-orthographic.png	3720478	71e672f2ed64293dc2c49bd4007bc8e56ad42fc7992d2501c268d387b0224a84	f9115ed4aefc428d46f5402816ca964f4d12b51c	generated-render-or-review-artifact	retain-project-prompt-report-provenance-and-NLS-attribution-where-map-derived
docs/graphics-v2/pipeline-experiments/idea-bq-e1-scale-audit-overlay.png	3688618	b31221cf95ff73518f7c0964712e254cc71a5a7bed804f5bac27c32e7cc35b94	d9986e316d9d5f6ce4e4a1dc505886d2d36c4024	derived-control-or-analysis	retain-NLS-CC-BY-where-map-derived-and-project-sidecar
docs/graphics-v2/pipeline-experiments/idea-bq-isomorphic-scale-lock-reference.png	46252	10349051743675535a23ede0f069b97841717a5e58b5de9ce1f843a04fcfcf05	7310c76d03c77db8b1a3696cd5ac853d65dbfe41	generated-render-or-review-artifact	retain-project-prompt-report-provenance-and-NLS-attribution-where-map-derived
docs/graphics-v2/pipeline-experiments/idea-br-beechwood-close-control.png	1923146	0b62b25fccc10a7bd6fba3a3ddc9c21aa1dc1b14eb88bb6750ff1f9ffc083be1	9f95e4e7b3d41ff5552424a4ad591f1f93fbc620	derived-control-or-analysis	retain-NLS-CC-BY-where-map-derived-and-project-sidecar
docs/graphics-v2/pipeline-experiments/idea-br-beechwood-close-map-source.png	1623278	8e3d1d7a419639b328f12116999bfa46794b104527570a69855a0fd87e381f45	53059a1f4c51ba16a63c8138ecc5e2d0b02d18e4	generated-render-or-review-artifact	retain-project-prompt-report-provenance-and-NLS-attribution-where-map-derived
docs/graphics-v2/pipeline-experiments/idea-br-beechwood-close-style-target-from-z.png	3121442	3f5a7e6b92182905a441f19487f6b07df9589c198f36503890171dfccd140d20	c3a09557dc9e3bc2a2c1dd657ef20e350cc7f552	generated-render-or-review-artifact	retain-project-prompt-report-provenance-and-NLS-attribution-where-map-derived
docs/graphics-v2/pipeline-experiments/idea-br-beechwood-close-symbol-overlay.png	3154378	82f56330a1af2acb1a8b80c6899296423d825f67ea482cad5b5e9878c8eb556e	0ac2d22097a9aba846a401c7c263b60573db0221	derived-control-or-analysis	retain-NLS-CC-BY-where-map-derived-and-project-sidecar
docs/graphics-v2/pipeline-experiments/idea-br-beechwood-close-symbol-reference.png	43066	74508bd57b91321a347ab0f69f4dd56dff0133de29164b9df4c37f197e413f8a	be9a0cde3c93f4280c3013e5ef4f7854bc74256f	generated-render-or-review-artifact	retain-project-prompt-report-provenance-and-NLS-attribution-where-map-derived
docs/graphics-v2/pipeline-experiments/idea-br-beechwood-relaxed-scale-symbol-reference.png	44866	e7248c3b8b56b69ebb6812e4bdd007b33917b46e30be9a62e31dd6f3c165c1cf	2b4d6b93f1cb3044dac9ce65967e3d43d82dcb1e	generated-render-or-review-artifact	retain-project-prompt-report-provenance-and-NLS-attribution-where-map-derived
docs/graphics-v2/pipeline-experiments/idea-br-beechwood-tiny-control.png	2108226	d27a51f1f1714b426ccd4f76f28696330ac0d5ca3a71a7ab90efeabe21c0369e	b23f63c2d29a6a47df3fb76f47d958b13a037f1a	derived-control-or-analysis	retain-NLS-CC-BY-where-map-derived-and-project-sidecar
docs/graphics-v2/pipeline-experiments/idea-br-beechwood-tiny-map-source.png	1800830	dc8e9fcf249f7a8f29cfaaee1bef8a49f2e445d7f7b7b3265072d8a3805e6586	6de48158449cd2f48bb740a24dad46068cb96405	generated-render-or-review-artifact	retain-project-prompt-report-provenance-and-NLS-attribution-where-map-derived
docs/graphics-v2/pipeline-experiments/idea-br-beechwood-tiny-style-target-from-z.png	3356325	f58207cd0560497f303f22c81efefdaadc44a3743a85ba7338da12653859696f	300edad0d1f57569d06e9361d2f98d4952902adc	generated-render-or-review-artifact	retain-project-prompt-report-provenance-and-NLS-attribution-where-map-derived
docs/graphics-v2/pipeline-experiments/idea-br-beechwood-z-scale-symbol-overlay.png	3373156	68b714bc271b70a0fe404eec9edc646ef0581a8f40415adc649656f6ccce4c24	7ebe42fdaddb75dcb41f3f0bb64d8ba5f7ba39e5	derived-control-or-analysis	retain-NLS-CC-BY-where-map-derived-and-project-sidecar
docs/graphics-v2/pipeline-experiments/idea-br-e1-beechwood-close-raised-camera-door-fixed-concept.png	3659349	54372ef407ccc4c7a37377eff8f45cafaf2a8198daa3d494aa72ef2a0cb622fd	baee7545a4f48a9826111cc04aa9d59b99c96beb	generated-render-or-review-artifact	retain-project-prompt-report-provenance-and-NLS-attribution-where-map-derived
docs/graphics-v2/pipeline-experiments/idea-br-e1-beechwood-close-symbol-overlay.png	3623731	5a0b9510c5dd9e9f91a0663e9286047c8db2f16e8e5548b73341309e361572fb	62111fc3be95010bef9c4bee977597585b0b594b	derived-control-or-analysis	retain-NLS-CC-BY-where-map-derived-and-project-sidecar
docs/graphics-v2/pipeline-experiments/idea-bs-e1-beechwood-door-height-calibrated-concept.png	3642033	3d20bf420779e80e3460c6a30cf92972bb7280d5f48bf666a6220e6a7c3423c7	96695a68e9d9a32b056f44a59b7aff35a062cf08	generated-render-or-review-artifact	retain-project-prompt-report-provenance-and-NLS-attribution-where-map-derived
docs/graphics-v2/pipeline-experiments/idea-bs-e2-beechwood-door-height-20pct-zoomout.png	3740251	ac4b64f7942e1a6f888f585271e2a4429dd77a0dc74dbd3d33e442343f1968e2	6b340c0d0e4d6765b6989b03d9f3a01d64f4d921	generated-render-or-review-artifact	retain-project-prompt-report-provenance-and-NLS-attribution-where-map-derived
docs/graphics-v2/pipeline-experiments/idea-bt-e1-bs-e2-surface-weathering.png	3748568	c0290be9c7e23895abadbb8ae0ca0ccbc4441247a5c13cfaea942173a537f50b	f6ae504329e117238cbbc89477fdb9818a1195bb	generated-render-or-review-artifact	retain-project-prompt-report-provenance-and-NLS-attribution-where-map-derived
docs/graphics-v2/pipeline-experiments/idea-bt-e2-bs-e2-lived-in-yard-clutter.png	3691018	f369cf993273e3f3a67e163c9d69c8b792e0c139d561fd68fd844b7c2719b90f	e2f18709d47eaa4c2baabb7b0153046896548fa3	generated-render-or-review-artifact	retain-project-prompt-report-provenance-and-NLS-attribution-where-map-derived
docs/graphics-v2/pipeline-experiments/idea-bt-e3-bs-e2-irregular-garden-walls.png	3770533	4c8995bfdfe458ea6bd118e879d0e205ea5ff536e136cb3f466bc5e9eaec0b97	0f4657d82b3a9e52e018bf43bdb725574d8dc32e	generated-render-or-review-artifact	retain-project-prompt-report-provenance-and-NLS-attribution-where-map-derived
docs/graphics-v2/pipeline-experiments/idea-bu-e1-bt-e2-e3-concept-realism-hybrid.png	3794677	a7211cf205e573f9d363ed69621d0c37b385d6a53577c62336ba7bd07b4430d6	d174ea499ceed902afefa8a91aae289e64ccc0e3	generated-render-or-review-artifact	retain-project-prompt-report-provenance-and-NLS-attribution-where-map-derived
docs/graphics-v2/pipeline-experiments/idea-bu-e2-bu-e1-concept-realism-final-tighten.png	3654168	12cad18fa60103d9d62b06b91705986d4763ce492cc97167e7497157e0b0f6e9	c0185cda893b0d86cb4df28a63458c6082f05c8b	generated-render-or-review-artifact	retain-project-prompt-report-provenance-and-NLS-attribution-where-map-derived
docs/graphics-v2/pipeline-experiments/idea-bv-e1-grove-reproducible-bu-style.png	3458901	78300f5145dee8a223e190382a0a2a51de5d1dbe3c04c5502953921ddbe9de98	c002b965143cfa22a20f00fe0c17dc62515ee082	generated-render-or-review-artifact	retain-project-prompt-report-provenance-and-NLS-attribution-where-map-derived
docs/graphics-v2/pipeline-experiments/idea-bv-e2-grove-bv-e1-bu-style-tighten.png	3651995	d47e57f2316157e5216a7f5221035d08485bd062e2d260bad23473c62d523190	222af9f02810456c31e4f8a9998b908132882b1c	generated-render-or-review-artifact	retain-project-prompt-report-provenance-and-NLS-attribution-where-map-derived
docs/graphics-v2/pipeline-experiments/idea-bw-e1-grove-dry-stone-wall-authenticity.png	3737346	f96ae90aa26634a983e4eda22febdac66bf0bc3d436da934d83e20d8994e0c16	b03353981615b0d9939ef171163f8fc00b3e605c	generated-render-or-review-artifact	retain-project-prompt-report-provenance-and-NLS-attribution-where-map-derived
docs/graphics-v2/pipeline-experiments/idea-bw-e2-grove-dry-stone-bead-chain-breakup.png	3659108	40e9459fdc2a075216645d9c002f958604d5b4d5ebf9ea7947d9acddb2756b0c	9f9acfae57d58898e22827a2d94bdb4cc36f3b55	generated-render-or-review-artifact	retain-project-prompt-report-provenance-and-NLS-attribution-where-map-derived
docs/graphics-v2/pipeline-experiments/idea-bw-e3-grove-hedgebank-dry-stone-breakup.png	3613586	e8913b157f11f597431fc3e609a68151ac577d7e24f53b2a961058bdbf192c6c	93314a705f4ab81ff83a7fde8dfa24aed279c3f3	generated-render-or-review-artifact	retain-project-prompt-report-provenance-and-NLS-attribution-where-map-derived
docs/graphics-v2/pipeline-experiments/idea-bw-e4-grove-web-reference-dry-stone.png	3752556	4c87028e24cf9254fe18a58a0e22f5a4bf93323836828be9d93a4a399d48b6ae	7066f1563cf55e8b31bacc7d30ea19962b3765c9	generated-render-or-review-artifact	retain-project-prompt-report-provenance-and-NLS-attribution-where-map-derived
docs/graphics-v2/pipeline-experiments/idea-bx-e1-murphy-farm-direct-bu-style.png	3532709	1299a8adeb055787dbcd8abf263f6327ea76b18b0ef6d920710df5f1f3fcbb95	be2994d26534c41da1ec663a2bf9ff9bdd616ec0	generated-render-or-review-artifact	retain-project-prompt-report-provenance-and-NLS-attribution-where-map-derived
docs/graphics-v2/pipeline-experiments/idea-bx-e2-murphy-farm-bounded-roof-boundary-fix.png	3718614	2937b9cfa704bbf105a781a3f1cbfe512e4c5b5747e8fa794025c37e5acecaf1	21bf4e286cf665837ed2b84462a657963dc8ebbe	generated-render-or-review-artifact	retain-project-prompt-report-provenance-and-NLS-attribution-where-map-derived
docs/graphics-v2/pipeline-experiments/idea-bx-murphy-farm-control-boundary-material-control.png	120554	5bb3717f9d27d2f972b623ff1eda19af396ce3a39d7aa5dc83e4eacbce088fe8	9094735f7b00ef8b6a9cc6f1b9886b57c62cafb6	derived-control-or-analysis	retain-NLS-CC-BY-where-map-derived-and-project-sidecar
docs/graphics-v2/pipeline-experiments/idea-bx-murphy-farm-control-boundary-material-oblique.png	171485	612fd9b73b0dce3a2dce36d2bcb676de5dacbff9fa01a7cd72cf554b0ca785c6	b9e78970bdfe9ceb800c22386c7462c1153dd94c	derived-control-or-analysis	retain-NLS-CC-BY-where-map-derived-and-project-sidecar
docs/graphics-v2/pipeline-experiments/idea-bx-murphy-farm-control-extruded-blockout.png	12873	90b6b6faed97b7cf33c162f95d6ad769cecb65152b093fa7c7876e3d15eb9cd2	297cfad1f2c571e76273c33419b2fe6a2655fa64	derived-control-or-analysis	retain-NLS-CC-BY-where-map-derived-and-project-sidecar
docs/graphics-v2/pipeline-experiments/idea-bx-murphy-farm-control-ink-mask.png	25687	2d2f4cce8444372167b41b93a2ad6ab393214fb1d7830071702cc1c5022d0444	a14d0dc16770d972a9aafe9bd60efcea63c53aed	derived-control-or-analysis	retain-NLS-CC-BY-where-map-derived-and-project-sidecar
docs/graphics-v2/pipeline-experiments/idea-bx-murphy-farm-control-linework-control.png	12251	717682d8f8028aef4a7d994c148010140d183d95e77a070a2b43982ff81370a1	f4bd3b0e31480550aeb2833f4b16e88b3cb78afe	derived-control-or-analysis	retain-NLS-CC-BY-where-map-derived-and-project-sidecar
docs/graphics-v2/pipeline-experiments/idea-bx-murphy-farm-control-literal-paint-control.png	108375	14ad9580441ebbdb4b5040a306a4f0768f909ce4ab21fbeb344db95d0a882c95	2a03e1a1cf97666409869a95d62fe168dafa543b	derived-control-or-analysis	retain-NLS-CC-BY-where-map-derived-and-project-sidecar
docs/graphics-v2/pipeline-experiments/idea-bx-murphy-farm-control-literal-paint-oblique.png	152853	4bb8daef5ab97343552f499016916458958be9454af4001caeeb6f095156880d	d402ab90949064a788cf13afab7ee7ed11b2140a	derived-control-or-analysis	retain-NLS-CC-BY-where-map-derived-and-project-sidecar
docs/graphics-v2/pipeline-experiments/idea-bx-murphy-farm-control-oblique-ink-warp.png	40463	b19cec35c70ac25d235bc3098831eb20942f2884b2f04d806fc47be2a932175e	bb6cad60a886c2c5a3800484b76c1b8b7b57b85c	derived-control-or-analysis	retain-NLS-CC-BY-where-map-derived-and-project-sidecar
docs/graphics-v2/pipeline-experiments/idea-bx-murphy-farm-control-oblique-raw-warp.png	337343	81ea88a5851bd027cf74aca6a3f617d5178980666620041df6e2105f256a128b	5354b02e1bb76a83719e2d9750fb3d58682d7dfe	derived-control-or-analysis	retain-NLS-CC-BY-where-map-derived-and-project-sidecar
docs/graphics-v2/pipeline-experiments/idea-bx-murphy-farm-control-road-topology-control.png	12857	76a760b45021d324b3cf8501a34b244104f77330119b969e9aac9f548438e5c6	420763eae6e369516a214220cf495c51e484cca4	derived-control-or-analysis	retain-NLS-CC-BY-where-map-derived-and-project-sidecar
docs/graphics-v2/pipeline-experiments/idea-bx-murphy-farm-control-road-topology-oblique.png	24070	2b5b111c0842b124f118c4da2ccebf3cdee934fa2fc09965ab5a0b3b34fa254e	ef745bca6f30a2537a3892ac702f4c5f42a21825	derived-control-or-analysis	retain-NLS-CC-BY-where-map-derived-and-project-sidecar
docs/graphics-v2/pipeline-experiments/idea-bx-murphy-farm-control-semantic-mask.png	9734	b63ade3a371c358b3a9f3060b98e01b7c33eab5c8b039528d9f47fbabb1290fe	9ec808d0f5693454ca30bccf419ecde181e4c6f7	derived-control-or-analysis	retain-NLS-CC-BY-where-map-derived-and-project-sidecar
docs/graphics-v2/pipeline-experiments/idea-bx-murphy-farm-control-soft-planting-control.png	112044	c4d000be30969d8644082c9d3afad85dfe57d8d3a9a6c5d0da83ac24f28ec0fe	af91df8cba0fff10c58ffe2d1d3ddd07ee39756e	derived-control-or-analysis	retain-NLS-CC-BY-where-map-derived-and-project-sidecar
docs/graphics-v2/pipeline-experiments/idea-bx-murphy-farm-control-soft-planting-oblique.png	162422	5945891144ba231ca6b1e916b75bed21e9542e8bac3927a6aa625ef367cf659a	01170451d295e7871604134412ac89d71503f10f	derived-control-or-analysis	retain-NLS-CC-BY-where-map-derived-and-project-sidecar
docs/graphics-v2/pipeline-experiments/idea-bx-murphy-farm-z17-map-crop.png	347179	6b5977a901a71fa3d54fccf728e80f1810e124982724f46ba22372e37f893414	b53d5defac35fb519705fed577fdc5fc3acd6608	nls-map-source-or-crop	CC-BY-NLS
docs/graphics-v2/pipeline-experiments/idea-bx-murphy-farm-z17-mosaic.png	635657	840d1e3972466348c29eeb5c7f0d92d84735971f9a67627049cd58e417c320e9	91c9b1b237559d0b0d2fdefef7573787ef06e434	nls-map-source-or-crop	CC-BY-NLS
docs/graphics-v2/pipeline-experiments/idea-by-e1-murphy-farm-overhead-layout-lock-failed.png	3499828	59833d6fef744e8d25e12dde113afeec9ef74533087cda79eead92a881f98429	86c319c631776bb5b55ac3727880c13514e1f1e3	generated-render-or-review-artifact	retain-project-prompt-report-provenance-and-NLS-attribution-where-map-derived
docs/graphics-v2/pipeline-experiments/idea-by-e1b-murphy-farm-deterministic-overhead-layout.png	79103	6e3e41d7ffff596751b02c6396f16c0c5f94847ae83b52e9536adcc8d903ed72	9661e48f10a6cd24235b5dfc3d82feffedbf8592	generated-render-or-review-artifact	retain-project-prompt-report-provenance-and-NLS-attribution-where-map-derived
docs/graphics-v2/pipeline-experiments/idea-by-e1c-murphy-farm-literal-overhead-control-annotated.png	1006210	35b1e70cc20871c2f6531057cd7ffc1901a166b9f49f8f7b20a6ffce7c06accc	dd6bebee49b4d0603c353e8737e9d3acf6627c8a	derived-control-or-analysis	retain-NLS-CC-BY-where-map-derived-and-project-sidecar
docs/graphics-v2/pipeline-experiments/idea-by-e1c-murphy-farm-literal-overhead-control.png	996072	c06d2161b2983065bb4cff13ae208a7818ca6c97896b3938246977acfaca3708	54f40f60e699710c6a1bf5bcece107be5739a247	derived-control-or-analysis	retain-NLS-CC-BY-where-map-derived-and-project-sidecar
docs/graphics-v2/pipeline-experiments/idea-by-e1d-murphy-farm-source-visible-overhead-control-annotated.png	1130066	8fef5c6be2a8758e3b6bcdda6dc0ea286dcaa64c4db7ab4fad88e6f28ce94f50	1819854e501f0dafd56d8ddc8018da0c5bbb9f6a	derived-control-or-analysis	retain-NLS-CC-BY-where-map-derived-and-project-sidecar
docs/graphics-v2/pipeline-experiments/idea-by-e1d-murphy-farm-source-visible-overhead-control.png	1092712	9e14ffc3e9272e85cc38f7aa00609d097b7d632913617e40092e8bb7f1bb0de2	953b2eb144cd5589ddd9a0782864d79379093083	derived-control-or-analysis	retain-NLS-CC-BY-where-map-derived-and-project-sidecar
docs/graphics-v2/pipeline-experiments/idea-by-e1e-murphy-farm-local-building-overhead-control-annotated.png	997914	6c5d7d70f7d6744d5ccf18338242e32a94f8bb3c324758d163d3baeca22a20fb	c2f05320d6d5ce19e0c010d330456198e80ec9b1	derived-control-or-analysis	retain-NLS-CC-BY-where-map-derived-and-project-sidecar
docs/graphics-v2/pipeline-experiments/idea-by-e1e-murphy-farm-local-building-overhead-control.png	959611	b2678929e930e10d5e2c1d3d55807084e053d4cd5cc7557a610212723c9a2435	9d4ca384c45ae860ea2b07218c6a2c8e5f40bca8	derived-control-or-analysis	retain-NLS-CC-BY-where-map-derived-and-project-sidecar
docs/graphics-v2/pipeline-experiments/idea-by-e1f-murphy-farm-three-building-overhead-control-annotated.png	1051707	5d11a57b5b9663604a5128ec335076ec8228b5b3f710b50f7f664e1a133f4ca1	eb6f47d2253ae090e94f6ad4ecb2450d95ece455	derived-control-or-analysis	retain-NLS-CC-BY-where-map-derived-and-project-sidecar
docs/graphics-v2/pipeline-experiments/idea-by-e1f-murphy-farm-three-building-overhead-control.png	1013926	f94c3ca0524a414a811e26c5b74edf084a8e5305b1bca50bdce75bed5fd4e46c	2405d21de788f38a59dec01f375d4412fe44ee41	derived-control-or-analysis	retain-NLS-CC-BY-where-map-derived-and-project-sidecar
docs/graphics-v2/pipeline-experiments/idea-by-e1g-murphy-farm-exact-local-mask-overhead-control-annotated.png	1071447	3ac9cc13d398b62d43c8f42fe7094a58d34be802bb4444fe23a177cd65e49bc9	4bacd22372c35889522604aafa33a90ef876ba4d	derived-control-or-analysis	retain-NLS-CC-BY-where-map-derived-and-project-sidecar
docs/graphics-v2/pipeline-experiments/idea-by-e1g-murphy-farm-exact-local-mask-overhead-control.png	1031714	60d84d998781101ab710f9431cff4ea665cc09bd3926b22a780e6e65df9bedab	25e3cac3079019f38635f75f556d1894dea0a358	derived-control-or-analysis	retain-NLS-CC-BY-where-map-derived-and-project-sidecar
docs/graphics-v2/pipeline-experiments/idea-by-e2a-murphy-farm-e1g-low3q-geometry.png	3203129	b39da160732df8fb36bb145b6a0906cbae506cc0accc010465dba9be3cdf91c3	9aa47a71606e941264414dda571bd482042d76dc	generated-render-or-review-artifact	retain-project-prompt-report-provenance-and-NLS-attribution-where-map-derived
docs/graphics-v2/pipeline-experiments/idea-by-e2b-murphy-farm-deterministic-low3q-geometry-guide-annotated.png	645266	895397cd92516a37f30e493941bce29c3adea77261563c2c088c118c208687ec	155ad7c185cb24661e6b165e1db6d8046d6ce283	generated-render-or-review-artifact	retain-project-prompt-report-provenance-and-NLS-attribution-where-map-derived
docs/graphics-v2/pipeline-experiments/idea-by-e2b-murphy-farm-deterministic-low3q-geometry-guide.png	609521	abfd7dfa76d19bc01f4caa85c4242af3263359889e2271e36cb5cdb517d6cab8	288a0d50403fc420fedf845468c27e1251a92681	generated-render-or-review-artifact	retain-project-prompt-report-provenance-and-NLS-attribution-where-map-derived
docs/graphics-v2/pipeline-experiments/idea-by-e2c-murphy-farm-e2b-hard-geometry-blockout.png	2339984	602b0fb87b8245ca584571e5a26a407ffed6be6351232cd226ddce0ddd05c0bf	e97ecb3176615f675ca81433d8aa0dc8adbbfc57	derived-control-or-analysis	retain-NLS-CC-BY-where-map-derived-and-project-sidecar
docs/graphics-v2/pipeline-experiments/idea-by-e2d-murphy-farm-exact-mask-low3q-geometry-plate-annotated.png	675314	885f468cac9622de171c0b642e04980a426a629b65ec6aba1a9f776293fb2101	88697d3dded70178880849405a09c31d7160bdd4	derived-control-or-analysis	retain-NLS-CC-BY-where-map-derived-and-project-sidecar
docs/graphics-v2/pipeline-experiments/idea-by-e2d-murphy-farm-exact-mask-low3q-geometry-plate.png	640146	b8220330b6c22c39257ac4c6febcb854f0289466969f15890a08335a8bd64934	c3a759e664126c7182e37f10fab622b24a4291cf	derived-control-or-analysis	retain-NLS-CC-BY-where-map-derived-and-project-sidecar
docs/graphics-v2/pipeline-experiments/idea-by-e2e-murphy-farm-e2d-exact-geometry-render.png	1989228	338dd2195f51445f6d4eadde385846209ad4718bb84f615ddef83a27d7ec976a	825c7603ab3f33b22a6992dc453864e5844e70c9	generated-render-or-review-artifact	retain-project-prompt-report-provenance-and-NLS-attribution-where-map-derived
docs/graphics-v2/pipeline-experiments/idea-by-e2f-murphy-farm-e2e-shape-lock-refine.png	2215586	af9347800d16802e48b378572890c0e78ac9e7623a919045d836b91e03948dc0	acb3ac63e7ffd7a8b8de06bafc608d1617e8a166	generated-render-or-review-artifact	retain-project-prompt-report-provenance-and-NLS-attribution-where-map-derived
docs/graphics-v2/pipeline-experiments/idea-by-e3a-murphy-farm-e2f-bu-style-accuracy.png	3148961	487a9660cf9bd6689d54e848ebc2fc5deb123c434adba2ea37a2fadd56b8f8bc	6c1b15fb5e2099263ae57849c7c20ed6456d0fc6	generated-render-or-review-artifact	retain-project-prompt-report-provenance-and-NLS-attribution-where-map-derived
docs/graphics-v2/pipeline-experiments/idea-by-e3b-murphy-farm-e3a-linework-soften-farmstead-audit-crop.png	1010696	6a6e2da86e5849d6dff0cc076f1021f09ecbf8f8ac00d7519cb6e2327e4f9bf2	f5f6a34d0a7034b1a0a30dc9f532db6de42cd617	generated-render-or-review-artifact	retain-project-prompt-report-provenance-and-NLS-attribution-where-map-derived
docs/graphics-v2/pipeline-experiments/idea-by-e3b-murphy-farm-e3a-linework-soften.png	3191968	4dfc1d1fe399640fbcb1457357cf505f1d4b0d731c03433752ff6f7bcf81d104	3e9cbc57eaa99a4669ec041e75fe9bf42aa779d9	generated-render-or-review-artifact	retain-project-prompt-report-provenance-and-NLS-attribution-where-map-derived
docs/graphics-v2/pipeline-experiments/idea-by-e3c-murphy-farm-e3b-door-repair-farmstead-audit-crop.png	1012671	2097b277a0872f4a36a687d8037ff26c100c43e3ded226aa227429d3ae503ded	bf194377111621f8bbca0952c1cfc1c1cfbc1b91	generated-render-or-review-artifact	retain-project-prompt-report-provenance-and-NLS-attribution-where-map-derived
docs/graphics-v2/pipeline-experiments/idea-by-e3c-murphy-farm-e3b-door-repair.png	3200133	fffbca298d3e98a0266bc984a539a1c5ba828ea4df4baf063c305bc47b59eb30	058c7d3a63ba137731f57d87fd13b488f93526e9	generated-render-or-review-artifact	retain-project-prompt-report-provenance-and-NLS-attribution-where-map-derived
docs/graphics-v2/pipeline-experiments/idea-by-murphy-farmstead-literal-local-zoom.png	11745	474693b53328da4f52a3fb8b13bb65346460234772a5a7b7c1e91c90234df4bc	d01617e102c44565c8b0024d4c260a2541039126	generated-render-or-review-artifact	retain-project-prompt-report-provenance-and-NLS-attribution-where-map-derived
docs/graphics-v2/pipeline-experiments/idea-by-murphy-farmstead-soft-local-zoom.png	12002	4cdc61a0910441f062dd8b6037adcc0ba7d324e1db7e6bc0b48fbc47874804d2	ee61fee6350e3f31bcd14860491bbb13db010d0b	generated-render-or-review-artifact	retain-project-prompt-report-provenance-and-NLS-attribution-where-map-derived
docs/graphics-v2/pipeline-experiments/idea-by-murphy-farmstead-source-local-zoom.png	17806	d1720870abe0600940ed32cb09c6a67206d32c2ab0e085d66166cb67a4586733	c4d61987d79e3d3fbdfb703d80b8852acb10be0f	generated-render-or-review-artifact	retain-project-prompt-report-provenance-and-NLS-attribution-where-map-derived
docs/graphics-v2/pipeline-experiments/idea-by-murphy-farmstead-source-zoom.png	46449	28384c67d52974749b07fda0bda9534ac734c46227c11bd29076946d71c33de4	47425b8e383700ff727db148f92fcca94bb5db03	generated-render-or-review-artifact	retain-project-prompt-report-provenance-and-NLS-attribution-where-map-derived
docs/graphics-v2/pipeline-experiments/idea-bz-grove-subagent-bu-style.png	3937548	a857f7ecb7f2aa956afc2430fef4edccfdc2294a5e610671e556cc6f239221d7	ee4b8fe1eefa2b9834df409f114928d95667a578	generated-render-or-review-artifact	retain-project-prompt-report-provenance-and-NLS-attribution-where-map-derived
docs/graphics-v2/pipeline-experiments/idea-bz-grove-subagent-control-boundary-material-control.png	521363	bc6034e1fbfec0e58ca72e13741d464c6fb097d31cd27475aa1e7be5cb240cca	f8403769b19a1c6b75fe960ef20631674556ccc8	derived-control-or-analysis	retain-NLS-CC-BY-where-map-derived-and-project-sidecar
docs/graphics-v2/pipeline-experiments/idea-bz-grove-subagent-control-boundary-material-oblique.png	448413	26a99c69dc39a6a38ae8fdcf7afba312308cab1af7882ef9fe30a7ee14fb6cd2	608abdd432d46970de5df8e0de9b7581c0c8e5e7	derived-control-or-analysis	retain-NLS-CC-BY-where-map-derived-and-project-sidecar
docs/graphics-v2/pipeline-experiments/idea-bz-grove-subagent-control-extruded-blockout.png	39075	e2db2f080a2601dedc241786fad0a83abfdc4840cc350042109eebd7603b1a40	491d5a7faf5a2fa3c338819365b284294abd2e9a	derived-control-or-analysis	retain-NLS-CC-BY-where-map-derived-and-project-sidecar
docs/graphics-v2/pipeline-experiments/idea-bz-grove-subagent-control-ink-mask.png	237480	4ff89987730bce99a760e75aa8de70d524574d27a903ce61654227a470da215a	4a1aa30c1913295680dbb20f4314bddf443cb725	derived-control-or-analysis	retain-NLS-CC-BY-where-map-derived-and-project-sidecar
docs/graphics-v2/pipeline-experiments/idea-bz-grove-subagent-control-linework-control.png	30873	612c68ab0e6d533b9e19190c368253eec613835fa70302046778dfe9acee6e18	789fc561ef868f07fdd2e43a171ec0814deab7d0	derived-control-or-analysis	retain-NLS-CC-BY-where-map-derived-and-project-sidecar
docs/graphics-v2/pipeline-experiments/idea-bz-grove-subagent-control-literal-paint-control.png	477713	2a0e8840e9fb22f88bcdb3e9f73888c6bcddce2b932b23d02f0ace82fc4d5c1f	10624481a33570cc37b67a32d1dea125b600808f	derived-control-or-analysis	retain-NLS-CC-BY-where-map-derived-and-project-sidecar
docs/graphics-v2/pipeline-experiments/idea-bz-grove-subagent-control-literal-paint-oblique.png	410169	b96b1581d4935159aa83e996d103413a6c67e4f792c774e9bc9cc749b2d1dd1c	a64b8697c588d7c4f0957e74bf436d9d4610dd32	derived-control-or-analysis	retain-NLS-CC-BY-where-map-derived-and-project-sidecar
docs/graphics-v2/pipeline-experiments/idea-bz-grove-subagent-control-oblique-ink-warp.png	198520	4e731703c6a8025dbc970d1c8b3d9f0a212dfe9839734edd809ab1dd4126f5e7	27922da4581fcbec3c7b31082a6b8ac7e389ad85	derived-control-or-analysis	retain-NLS-CC-BY-where-map-derived-and-project-sidecar
docs/graphics-v2/pipeline-experiments/idea-bz-grove-subagent-control-oblique-raw-warp.png	1520468	a3e33cd2df34834d9c85f29089ae4d0585dcdec8329ef9536e1053415d45745d	704691a5824aa23769158ada2f1f45a3ce6362f4	derived-control-or-analysis	retain-NLS-CC-BY-where-map-derived-and-project-sidecar
docs/graphics-v2/pipeline-experiments/idea-bz-grove-subagent-control-road-topology-control.png	79979	a3e9465b4d39c0775c40e45bcc11b28ce5fb8e4052f19406bea2a7d4bf15ef5b	dfdb0a7043392a54671c5e4470f10608e0b495d4	derived-control-or-analysis	retain-NLS-CC-BY-where-map-derived-and-project-sidecar
docs/graphics-v2/pipeline-experiments/idea-bz-grove-subagent-control-road-topology-oblique.png	72155	0f96ecbf7f6ea4600af7b1ebc7aca598b399af4c3492b18d83abd45d19c8a74f	bc26904f2bf9b16bdb2340a95a2d66bc1df76c36	derived-control-or-analysis	retain-NLS-CC-BY-where-map-derived-and-project-sidecar
docs/graphics-v2/pipeline-experiments/idea-bz-grove-subagent-control-semantic-mask.png	47888	8e0b92882e4651d53b93adc78a92aecb6e28cbb8d7ecb5ad8983a4ef05df9853	b121117985b3ca63f479a0aefc69fb8d3841a7bb	derived-control-or-analysis	retain-NLS-CC-BY-where-map-derived-and-project-sidecar
docs/graphics-v2/pipeline-experiments/idea-bz-grove-subagent-control-soft-planting-control.png	452515	f18dc2222d84fa9042f6f5fa524193e2693c52e066a2b4eb2f02212f995cf400	fb04139710117403d3d6796bb5699ab0d68f4240	derived-control-or-analysis	retain-NLS-CC-BY-where-map-derived-and-project-sidecar
docs/graphics-v2/pipeline-experiments/idea-bz-grove-subagent-control-soft-planting-oblique.png	388952	8e3e8247fd354a230f8801bcc3247746c551b2f1a766522c0cd61e8e5f436bd2	07c0548854e4b95bec0e2dac44faba013121c6d7	derived-control-or-analysis	retain-NLS-CC-BY-where-map-derived-and-project-sidecar
docs/graphics-v2/pipeline-experiments/idea-c-semantic-mask.png	2826421	99135159707c4bc829e20f57579e5ddbb379f66bab2b5133a4a5d359c19042cd	1dd817e3e11e25417464fcadc7e5472ca533ae13	derived-control-or-analysis	retain-NLS-CC-BY-where-map-derived-and-project-sidecar
docs/graphics-v2/pipeline-experiments/idea-ca-grove-os-key-annotated-map.png	2149338	b9e07de7fc8dde5cf6281a6eea3c1c876f6ed1abc81f725c8313bcc129636546	e1151aa14c39e9f2e64b25b844ae5a4193c0610a	generated-render-or-review-artifact	retain-project-prompt-report-provenance-and-NLS-attribution-where-map-derived
docs/graphics-v2/pipeline-experiments/idea-ca2-grove-os-key-numbered-annotation.png	2098920	b65e4d4a074307e562ae3fe6aec7de34f5aa7a3acb8903a83d2576021f2b5379	972ab2f13b01ca5b8c57e77f20ded8190e47d2f6	generated-render-or-review-artifact	retain-project-prompt-report-provenance-and-NLS-attribution-where-map-derived
docs/graphics-v2/pipeline-experiments/idea-ca3-grove-os-key-numbered-annotation-refined.png	2170449	156a3f1209592b0225fc2be131107f8f2876b99852e726820233532cbeb2c41d	c1f61b25bada3032a57f87a1872598ad3b4be3db	generated-render-or-review-artifact	retain-project-prompt-report-provenance-and-NLS-attribution-where-map-derived
docs/graphics-v2/pipeline-experiments/idea-ca4-grove-updated-legend-subagent-numbered-annotation.png	1428958	6b796e7aad79b8aed001a21fb72b9ea3f8b43f5020a0344114963f6a9735d0b6	32b84a72f592dd573950d871c869197f9610cc47	generated-render-or-review-artifact	retain-project-prompt-report-provenance-and-NLS-attribution-where-map-derived
docs/graphics-v2/pipeline-experiments/idea-ca4b-grove-updated-legend-subagent-numbered-annotation.png	1429835	1b852c4b68b824131cff1a267c7bbbfb94597a7fb7f8ddba860b7c665c98e51c	4f993779e0e4c9376b51ed3082e1ec7b5d811938	generated-render-or-review-artifact	retain-project-prompt-report-provenance-and-NLS-attribution-where-map-derived
docs/graphics-v2/pipeline-experiments/idea-ca4g-grove-unbiased-subagent-numbered-annotation.png	1913291	557acbf2eaea3bbd041787b02cc7cb7ecfbc7baedc5c4e71a7f54a19b703bf6e	e819cfe3df78be9da55a0862cb47f6727d8dce26	generated-render-or-review-artifact	retain-project-prompt-report-provenance-and-NLS-attribution-where-map-derived
docs/graphics-v2/pipeline-experiments/idea-ca4i-grove-unbiased-ca3-style-annotation.png	1287433	fa11d0efcd8013501b52a2426bd94718ca3828089cbd19c7cf693e88a4bc56fd	ae11e9a6d557ec2691f8a474e7e4bdf9b0bbd76a	generated-render-or-review-artifact	retain-project-prompt-report-provenance-and-NLS-attribution-where-map-derived
docs/graphics-v2/pipeline-experiments/idea-ca4j-grove-ca4j-reference-annotation.png	1290494	46d711ae4b5ed502930167a7f4cb3c3e9c7153f14d9c4fd9c46f50eeb35a7031	1bf3d461cac3862f6b85c5c30b446c26f4a60f5a	generated-render-or-review-artifact	retain-project-prompt-report-provenance-and-NLS-attribution-where-map-derived
docs/graphics-v2/pipeline-experiments/idea-ca4k-grove-ca4k-reference-annotation.png	1593901	ddac6104a34ac23ec195d537862b86d21d58c00c0941a8262f929a6c80244668	75688466e4f9bfd7b9b77c7afef06c7d92667917	generated-render-or-review-artifact	retain-project-prompt-report-provenance-and-NLS-attribution-where-map-derived
docs/graphics-v2/pipeline-experiments/idea-ca4l-grove-ca4l-reference-annotation.png	1698807	302ef84bf29121636d0264a532bfeff008f08c8b81c8b2ba2793909114a846f9	c1db6dd7d462420adc8e70da07d1b595aa98048d	generated-render-or-review-artifact	retain-project-prompt-report-provenance-and-NLS-attribution-where-map-derived
docs/graphics-v2/pipeline-experiments/idea-ca4m-grove-ca4m-reference-annotation.png	1719041	04dc5cccfdf3fcf52ff0f6da027783772a15e8936c11753339d27112b78e95d6	b8fdecdd8a48ac3b864ef5c910ae31a1ed7979bb	generated-render-or-review-artifact	retain-project-prompt-report-provenance-and-NLS-attribution-where-map-derived
docs/graphics-v2/pipeline-experiments/idea-ca4n-grove-ca4n-reference-pack-annotation.png	1587134	b65136f82eaa58ffce7d56a13b982278396f3c2e545abb2b93e71d6c14e0896b	1155cb16141f7eb3e979279dfa4fb9ccbeb34db9	generated-render-or-review-artifact	retain-project-prompt-report-provenance-and-NLS-attribution-where-map-derived
docs/graphics-v2/pipeline-experiments/idea-ca4o-grove-ca4m-reference-use-annotation.png	1631779	ce7693c64c905a06f90f89fa30c6d5adaea75e84d79d9644fe5fdabb1de76803	9c6e8dc31b6db3e512334769133b4bfff37cc55d	generated-render-or-review-artifact	retain-project-prompt-report-provenance-and-NLS-attribution-where-map-derived
docs/graphics-v2/pipeline-experiments/idea-ca4p-grove-ca4p-micro-reference-annotation.png	1643601	db9664c95658dfa0e8a217849467efd3ec3178ac3a8deaa06ade6c9365dab6d1	5d1bf2bc58ef2967234c628bb0103b23314546bd	generated-render-or-review-artifact	retain-project-prompt-report-provenance-and-NLS-attribution-where-map-derived
docs/graphics-v2/pipeline-experiments/idea-d-extruded-blockout.png	2855529	b5df609f286bd91d7a2c13594d95754d1fcfb8df3eaf63c3cd660a3c762ed315	5cd67f4e54f8a17376d24d8adb109fda5fcf0b67	derived-control-or-analysis	retain-NLS-CC-BY-where-map-derived-and-project-sidecar
docs/graphics-v2/pipeline-experiments/idea-e-oblique-ink-warp.png	3366785	1278892ba1090714ea26f76c5744615f16165bfed5746dc7d20593434cf814e8	387b9bd1a94b85cae085db1b6d1b5ad06dbe5c84	derived-control-or-analysis	retain-NLS-CC-BY-where-map-derived-and-project-sidecar
docs/graphics-v2/pipeline-experiments/idea-f-linework-control.png	2932325	7c00e62abfdb51f2c8ae7ed0d899e30135d355d64aeeb729f1ee93181f015bfa	84ff27f1752dfb01ea5fea3263564fcc3e112084	derived-control-or-analysis	retain-NLS-CC-BY-where-map-derived-and-project-sidecar
docs/graphics-v2/pipeline-experiments/idea-g-raw-map-control-02.png	2657281	3f15b2adb25064e69e66ad29f9d4f7031bf1712122931e8dc3f0d77a6a7bae54	2681620498e9bc2878bc06b43fb87f1e5c13dbfd	derived-control-or-analysis	retain-NLS-CC-BY-where-map-derived-and-project-sidecar
docs/graphics-v2/pipeline-experiments/idea-h-beechwood-raw-style-crops.png	3327405	df5f9fad65520079d10c8985ecf2222d6ba89165756013b2e1f6a65433cfb9b0	e54770622d1a34f4d6c9af0c3a213e6f6386dbdd	generated-render-or-review-artifact	retain-project-prompt-report-provenance-and-NLS-attribution-where-map-derived
docs/graphics-v2/pipeline-experiments/idea-h-grove-raw-style-crops.png	3035252	f7b70379454869b593bfb8308eb41484f402bdfd9f8ed94a95d4463aaa090599	54b52e22f9305344986a1dc7b09f52942c36e96a	generated-render-or-review-artifact	retain-project-prompt-report-provenance-and-NLS-attribution-where-map-derived
docs/graphics-v2/pipeline-experiments/idea-i-beechwood-strict-map-fidelity.png	4002946	cb1569866087990c936a331e07550a06b8317546703d01e4cbd6fe9f07f2c62c	9d6684abc601d63afc8968fd81912f35f1a04e67	generated-render-or-review-artifact	retain-project-prompt-report-provenance-and-NLS-attribution-where-map-derived
docs/graphics-v2/pipeline-experiments/idea-i-grove-strict-map-fidelity.png	2827767	47ef246a20b3753b612d66fc36be07d34563098d2dd169625df59c76c4dff4bb	9dd00df4bd7fa8ff5433b398c2122f94fcfc9d0b	generated-render-or-review-artifact	retain-project-prompt-report-provenance-and-NLS-attribution-where-map-derived
docs/graphics-v2/pipeline-experiments/idea-j-beechwood-clean-style-swatches.png	3195690	2a61ad80a1e4f58eced34ac2a3567b17cbe7a009b2a508b99a7c27d02313f3e7	d515a4d49b769e321741db78b3ce05bd29667635	generated-render-or-review-artifact	retain-project-prompt-report-provenance-and-NLS-attribution-where-map-derived
docs/graphics-v2/pipeline-experiments/idea-j-grove-clean-style-swatches.png	3072660	034e8cb05ec15d198cb1f4824ae38b34db74ed3bd01f1a2d5cd63ca1fcb418b3	86e025d32e4b590b8dc2e89fb4579ef0872cb993	generated-render-or-review-artifact	retain-project-prompt-report-provenance-and-NLS-attribution-where-map-derived
docs/graphics-v2/pipeline-experiments/idea-k-beechwood-map-reader-guided.png	2230188	2b73a972674efff4d8513c33811206390ba307fc0b44a4bd78899061d316372f	e348b6cf8d8bece7f7cc27c22cd65874ce71388b	generated-render-or-review-artifact	retain-project-prompt-report-provenance-and-NLS-attribution-where-map-derived
docs/graphics-v2/pipeline-experiments/idea-k-grove-map-reader-guided.png	3462045	6be8aa085666ccc0cd8c887bfd5d34fbd7797e9ec8f5cc96d5063c5ca61b9a5e	396d177139af15523f876ac70bcc64584a6d3c86	generated-render-or-review-artifact	retain-project-prompt-report-provenance-and-NLS-attribution-where-map-derived
docs/graphics-v2/pipeline-experiments/idea-l-beechwood-topdown-cleaned.png	3266151	10e02104da11969a7a9ca81731de025bfcac0f3078739a7e83ed73b9087f075c	72253cc31aece8998133b7a1735ad08960f5a3df	generated-render-or-review-artifact	retain-project-prompt-report-provenance-and-NLS-attribution-where-map-derived
docs/graphics-v2/pipeline-experiments/idea-l-beechwood-two-step-isomorphic.png	4251285	bc2a73f67bb7cbbf468f4c4620768c118c6b4f981dc466452608b0edede1a66c	16fc62b2536f5e11546267083f5b82b92f72550b	generated-render-or-review-artifact	retain-project-prompt-report-provenance-and-NLS-attribution-where-map-derived
docs/graphics-v2/pipeline-experiments/idea-l-grove-topdown-cleaned.png	3110250	6460e810429e2e9a7bb31f799d2d52b14017a815be9426e2615ecda318e1e9de	06f274294a193806166a32f486c6bd1460dab1be	generated-render-or-review-artifact	retain-project-prompt-report-provenance-and-NLS-attribution-where-map-derived
docs/graphics-v2/pipeline-experiments/idea-l-grove-two-step-isomorphic.png	2825101	2a42fa4d869165c96a2a9a800b42d96d36efaa042db157c925edb5a40b899d7b	425e68b1c741ca465c00a9d5188ec4b9f931b37f	generated-render-or-review-artifact	retain-project-prompt-report-provenance-and-NLS-attribution-where-map-derived
docs/graphics-v2/pipeline-experiments/idea-m-beechwood-admin-topdown-cleaned.png	3185908	e45ea6f2f078edad72c045301e3496bb107ea61b4dd621d7a26f75284c4bd337	12f2d84dc85769aa856a2f8642885c1c6423336c	generated-render-or-review-artifact	retain-project-prompt-report-provenance-and-NLS-attribution-where-map-derived
docs/graphics-v2/pipeline-experiments/idea-m-beechwood-admin-two-step-isomorphic.png	3333557	53b28cf4881d5e8fd207bb44aaa36836b46861b1cd6e12be433a30a07ece6ec0	bf815b55cbe1ad4d62654976f38071dc94d18f1e	generated-render-or-review-artifact	retain-project-prompt-report-provenance-and-NLS-attribution-where-map-derived
docs/graphics-v2/pipeline-experiments/idea-m-grove-wide-admin-topdown-cleaned.png	3043839	ba3915c4bc8fa09c7041fbb5a900ae4f2e7d0322da1f3b2a41b65cd57eb523f5	ed2a552a2c3a032b0c7ea42dc88a9f9939cc03ec	generated-render-or-review-artifact	retain-project-prompt-report-provenance-and-NLS-attribution-where-map-derived
docs/graphics-v2/pipeline-experiments/idea-m-grove-wide-admin-two-step-isomorphic.png	3224690	cfed2d2357a7718974f90bec042ec6d6fd67ebca8f69b33a070bb457044cfd59	6c2f08a19b25eafe3464aa507fb14e3ca505507d	generated-render-or-review-artifact	retain-project-prompt-report-provenance-and-NLS-attribution-where-map-derived
docs/graphics-v2/pipeline-experiments/idea-n-beechwood-notebook-style-isomorphic.png	3481998	553fbd81f80d7a433910d80b19c3c0fd9b67674d542e3bd602cff10dedb4ff66	ddef1e9f6ffe7844bf1534bc0be2139c58db9d68	generated-render-or-review-artifact	retain-project-prompt-report-provenance-and-NLS-attribution-where-map-derived
docs/graphics-v2/pipeline-experiments/idea-n-grove-notebook-style-isomorphic.png	3343489	db149d1ededcfc605b0a976bf9399c88dcb3349d126f5781b65aae972db68bd9	8c86f4613227c3c2e8a0ea88656d257ed6cb331a	generated-render-or-review-artifact	retain-project-prompt-report-provenance-and-NLS-attribution-where-map-derived
docs/graphics-v2/pipeline-experiments/idea-o-grove-lower-camera-notebook-style.png	3316769	821aee7524955ca93aa3ba03afed62777c2c34023d756dda5fad91a16b83bc3e	611e4930e645d313c55a451ae6e818ae91c2d02e	generated-render-or-review-artifact	retain-project-prompt-report-provenance-and-NLS-attribution-where-map-derived
docs/graphics-v2/pipeline-experiments/idea-p-beechwood-lower-angle-notebook-style.png	3540281	fb0661edfc51978fe87ecfb1eb9a8065ddfe82cfb4b062955b745a989038d6a7	7afbcbf466353dc3ef2166a0b4f7622c1fa331db	generated-render-or-review-artifact	retain-project-prompt-report-provenance-and-NLS-attribution-where-map-derived
docs/graphics-v2/pipeline-experiments/idea-p-grove-lower-angle-notebook-style.png	3346321	50f0201e4fa5dd2bbb0a9ef9ee914b43cc71edda06f08f93f5818f863eb5b6c0	6a96b34a788ecfe1e0649cd69e16e6a9e0773478	generated-render-or-review-artifact	retain-project-prompt-report-provenance-and-NLS-attribution-where-map-derived
docs/graphics-v2/pipeline-experiments/idea-q-beechwood-camera-refinement-notebook-style.png	3624314	0fd1b9348661eec08674d5c1190313c0c2b0428b798c22cf18931281bdf16602	c14a8e9167a3792f7ede25dbfa9d06f0c07222cc	generated-render-or-review-artifact	retain-project-prompt-report-provenance-and-NLS-attribution-where-map-derived
docs/graphics-v2/pipeline-experiments/idea-q-beechwood-m-control-low-angle-extruded-blockout.png	64269	5865468a2da7905b8fa62fb2fd3b60cdfd3bbc167d9328b4e86a6d59fa704cde	83e638b4fd3d0ade73c3d60b537400ffa0c3b4b6	derived-control-or-analysis	retain-NLS-CC-BY-where-map-derived-and-project-sidecar
docs/graphics-v2/pipeline-experiments/idea-q-beechwood-m-control-low-angle-ink-mask.png	1574077	b511bd835d4181a40bc793fa896af4fbb4f86659d35c3cba2a0e153e91c67020	4d84ffd7a16c89cd2fb7286eb9a85ee89282151e	derived-control-or-analysis	retain-NLS-CC-BY-where-map-derived-and-project-sidecar
docs/graphics-v2/pipeline-experiments/idea-q-beechwood-m-control-low-angle-linework-control.png	55664	d4973be4c1ed9ccc50fdfb7e2bbfad95550c6e911f98f01809b15bb9773d02af	88693fcf0b0a42427cf0331873c0a7a03967abfa	derived-control-or-analysis	retain-NLS-CC-BY-where-map-derived-and-project-sidecar
docs/graphics-v2/pipeline-experiments/idea-q-beechwood-m-control-low-angle-oblique-ink-warp.png	789823	cb1fecc6c93315180b0107cb2c034cd8ca919a2508df2abccf911e4da2d34a89	6558b6dd49fcd211ae6ae495390be3f1a149e725	derived-control-or-analysis	retain-NLS-CC-BY-where-map-derived-and-project-sidecar
docs/graphics-v2/pipeline-experiments/idea-q-beechwood-m-control-low-angle-oblique-raw-warp.png	2127039	ac8edfd4be8aba21e0748f3779e52264d11ad4969d26d768a6f11a7778457cb3	cf18ce7e4af6d26b7c22921948c50bfbfefffa21	derived-control-or-analysis	retain-NLS-CC-BY-where-map-derived-and-project-sidecar
docs/graphics-v2/pipeline-experiments/idea-q-beechwood-m-control-low-angle-semantic-mask.png	89832	183b34856ba189c7ae75740f9cf86f2e20c746decd319881997bb315c7318312	c3ee2a76bf07fc38630f978bba500a75c6cf121d	derived-control-or-analysis	retain-NLS-CC-BY-where-map-derived-and-project-sidecar
docs/graphics-v2/pipeline-experiments/idea-q-grove-camera-refinement-notebook-style.png	3383998	4d3516eec033c4d8389c5ecd1977007a6e9e4b102958ec155a48e62aaaef9332	25ca37757285639a4dac864a23643e05dcaa4329	generated-render-or-review-artifact	retain-project-prompt-report-provenance-and-NLS-attribution-where-map-derived
docs/graphics-v2/pipeline-experiments/idea-q-grove-m-control-low-angle-extruded-blockout.png	54337	3304182316792988a68cd208feb613ee1374f6998a58f0056c2316c812164b63	d5537907a32ab9b55dd8c05133dfbd2ee3c56b8d	derived-control-or-analysis	retain-NLS-CC-BY-where-map-derived-and-project-sidecar
docs/graphics-v2/pipeline-experiments/idea-q-grove-m-control-low-angle-ink-mask.png	1585099	e93561aadc20e17866945652aa5f932aff75f8857cba81bf4417bf7e20b02b13	7e0adde6c6b53f74d6d6291c723f7bd66bd750f2	derived-control-or-analysis	retain-NLS-CC-BY-where-map-derived-and-project-sidecar
docs/graphics-v2/pipeline-experiments/idea-q-grove-m-control-low-angle-linework-control.png	53799	65580c8a09d0603e32e868b50922ce8805e728f0816ccd76aa546d2840e2ea33	0ffb0c94f0ae52344dc0d4d117991981315ba8ef	derived-control-or-analysis	retain-NLS-CC-BY-where-map-derived-and-project-sidecar
docs/graphics-v2/pipeline-experiments/idea-q-grove-m-control-low-angle-oblique-ink-warp.png	919947	51885ab0e96891fe65f3fcf6597a7b7a9957094132c46d55fab4291ff8182916	5522f2f98d1604657280bd9dad1762375bf9f7db	derived-control-or-analysis	retain-NLS-CC-BY-where-map-derived-and-project-sidecar
docs/graphics-v2/pipeline-experiments/idea-q-grove-m-control-low-angle-oblique-raw-warp.png	2369798	91c73968f83d54d5ac9d8ec8bc6b78425f05d47c8fd1715c6d53e14712f75885	92191b1101c28b5db98767466db0a23657faf90e	derived-control-or-analysis	retain-NLS-CC-BY-where-map-derived-and-project-sidecar
docs/graphics-v2/pipeline-experiments/idea-q-grove-m-control-low-angle-semantic-mask.png	106077	41bc9d4e6c0f0e7e4486039d59f0b1ea6e9e8db6ca323e34dbb99c7017272fd3	62e20559735f2d9eeda839def9c198a4fc91be68	derived-control-or-analysis	retain-NLS-CC-BY-where-map-derived-and-project-sidecar
docs/graphics-v2/pipeline-experiments/idea-r-beechwood-close-crop-notebook-style.png	3638458	dd4faaae1728f0b64c35d4156e0fe252a8c79fad144245ac03a27dd155cfbc76	11b340bf861039c7227d92d7694fed852198a8b9	generated-render-or-review-artifact	retain-project-prompt-report-provenance-and-NLS-attribution-where-map-derived
docs/graphics-v2/pipeline-experiments/idea-r-grove-close-crop-notebook-style.png	3548156	62e2bac89343397e78aa3b1ac8bbf708c8ea68ce5120700aeb0837ebd41fbd55	9174555e41e5440e57f0b51c23b764cfa3369098	generated-render-or-review-artifact	retain-project-prompt-report-provenance-and-NLS-attribution-where-map-derived
docs/graphics-v2/pipeline-experiments/idea-s-beechwood-lower-rough-close-crop-notebook-style.png	3631636	7e5fdcd8eaa01a2913408de213b1c32678b555b1f45aa0013850d85e842e6552	6a784aaaa66721dc9dec674b7f1de527d64ac547	generated-render-or-review-artifact	retain-project-prompt-report-provenance-and-NLS-attribution-where-map-derived
docs/graphics-v2/pipeline-experiments/idea-s-grove-lower-rough-close-crop-notebook-style.png	3548690	d8b4ad956403e0da6f46106eb79872da05e7d3ed76d9950e15080d885efcb346	9b7ab0420785a679ff69f0cfe1b7db449bc4c8db	generated-render-or-review-artifact	retain-project-prompt-report-provenance-and-NLS-attribution-where-map-derived
docs/graphics-v2/pipeline-experiments/idea-t-grove-tight-low-camera-clean-style-crop.png	3471687	53b3b355607ff67d586c0ab03a7fe89013021618001ab69bb2e38b0390d94235	c0253bc069dc18000061bc900eaf2374a97963f5	generated-render-or-review-artifact	retain-project-prompt-report-provenance-and-NLS-attribution-where-map-derived
docs/graphics-v2/pipeline-experiments/idea-u-beechwood-tight-thatched-door-clean-style.png	3531797	1fc4d7c2a3ca60c2cea8cab0f25a25facac706b400b3098e313be84f137cf1c6	e69984052684b5dd852e77915af11074ee912fa2	generated-render-or-review-artifact	retain-project-prompt-report-provenance-and-NLS-attribution-where-map-derived
docs/graphics-v2/pipeline-experiments/idea-u-grove-tight-thatched-door-clean-style.png	3486238	1bd60e9ca9e44c6d93fe7562e4e7384634d52b2c1893adcbd421e6e5b44f7a0c	4ab74370e2d50d9923f81fcdc6f99bfc7732209f	generated-render-or-review-artifact	retain-project-prompt-report-provenance-and-NLS-attribution-where-map-derived
docs/graphics-v2/pipeline-experiments/idea-v-beechwood-tight-control-extruded-blockout.png	68283	a0327eaf57085310aadefeb3039785e97357f2da2a656af9d3717124beb7dd87	fc1cb52e3cd99fbc5af3eacef36314e0c2348736	derived-control-or-analysis	retain-NLS-CC-BY-where-map-derived-and-project-sidecar
docs/graphics-v2/pipeline-experiments/idea-v-beechwood-tight-control-ink-mask.png	1428867	72e2dc8f41a017983ce47ed59109ced726459623c340fc943e1eb1ec88610746	47f919d6d7029725e800de5e5a5117c50aa53824	derived-control-or-analysis	retain-NLS-CC-BY-where-map-derived-and-project-sidecar
docs/graphics-v2/pipeline-experiments/idea-v-beechwood-tight-control-linework-control.png	57340	fc2e143cd3b7cd02b88f24e9da303d1ebaa055f860317aebb4d58d663e59d43a	e703926fb1f41558fd3101cac87d1696c9694448	derived-control-or-analysis	retain-NLS-CC-BY-where-map-derived-and-project-sidecar
docs/graphics-v2/pipeline-experiments/idea-v-beechwood-tight-control-oblique-ink-warp.png	727167	53ff20e23ecb935cec1203fcd25ceae0113efca9a0f17cbd7e09ba0cbd3465d3	cac993a67e25fc5f2d1616ac229f215fbd2be96a	derived-control-or-analysis	retain-NLS-CC-BY-where-map-derived-and-project-sidecar
docs/graphics-v2/pipeline-experiments/idea-v-beechwood-tight-control-oblique-raw-warp.png	2079553	9408df90a5600d27cc501f74ba972aa2a812ab9dde1bc9ac6da979e4bfca1899	cab3b2bba28ab78829a06bdee2a3043ca87e2862	derived-control-or-analysis	retain-NLS-CC-BY-where-map-derived-and-project-sidecar
docs/graphics-v2/pipeline-experiments/idea-v-beechwood-tight-control-semantic-mask.png	58823	d0166532d7ceea11999036f9f29f1aa7767331a13dd9dc67633141f97c563a42	fb00cf9f15819aca5cc843f547e3d909373e9ae2	derived-control-or-analysis	retain-NLS-CC-BY-where-map-derived-and-project-sidecar
docs/graphics-v2/pipeline-experiments/idea-v-beechwood-tight-control-thatched-render.png	3423060	17fbaaa2bf831436eb51e8423d34a49dea3b150e8053f09a02f7573840596598	a113d6d4b63233234d851b6843340762b31b72de	derived-control-or-analysis	retain-NLS-CC-BY-where-map-derived-and-project-sidecar
docs/graphics-v2/pipeline-experiments/idea-v-beechwood-tight-topdown-control.png	2605433	dfd577033fd11ffd5358c6cc741013fac27712ee924a1c2f531152d6c04005dd	64a8a4fa23620dc478e3dc065b0a150a0aa5341c	derived-control-or-analysis	retain-NLS-CC-BY-where-map-derived-and-project-sidecar
docs/graphics-v2/pipeline-experiments/idea-w-beechwood-v-structure-lower-notebook-refine.png	3576198	66a36d68bb34890ce03bdbb22de9ff9410b64b077a75dd3d9a2d7a8150ec00df	d04b7f648860b2bd4331f1eab9b10a1773a7755f	generated-render-or-review-artifact	retain-project-prompt-report-provenance-and-NLS-attribution-where-map-derived
docs/graphics-v2/pipeline-experiments/idea-x-beechwood-compound-focused-control-extruded-blockout.png	63258	25ecdc162fd9f89ce9cab0ee12ebc81dc17f80f091e4258c99c23114ed61bdca	06e92e4d68fce40fa917d8d70e3b00ce8a474bbc	derived-control-or-analysis	retain-NLS-CC-BY-where-map-derived-and-project-sidecar
docs/graphics-v2/pipeline-experiments/idea-x-beechwood-compound-focused-control-ink-mask.png	1359553	b0e6b18a0abe2e154b50e414f17c6bac2d88929923410eadf4dfe7b4459782c3	68d35fa0367bfecb73de2d9cf882cd41d7162fb2	derived-control-or-analysis	retain-NLS-CC-BY-where-map-derived-and-project-sidecar
docs/graphics-v2/pipeline-experiments/idea-x-beechwood-compound-focused-control-linework-control.png	52425	aa66f712dd2f8bfc6d033abc52a1b6281f33f43b21d66036f46bcfb4888ba81a	5082b7c9f4a84203321004f87a0f3d08c545c70c	derived-control-or-analysis	retain-NLS-CC-BY-where-map-derived-and-project-sidecar
docs/graphics-v2/pipeline-experiments/idea-x-beechwood-compound-focused-control-oblique-ink-warp.png	698323	727142c803f843b2cb246c1e9d40bd82e5ab2185fdede4b064479da020614760	b7c435e640a6a33ac03cb28222c608968c94cba9	derived-control-or-analysis	retain-NLS-CC-BY-where-map-derived-and-project-sidecar
docs/graphics-v2/pipeline-experiments/idea-x-beechwood-compound-focused-control-oblique-raw-warp.png	2078564	9ec37371a2d32deb53ab8ffc94c4d4cfe8d79ecb4aff5a35bc6f1ecea137de5a	85bf3720946c20a84e2948f9574224c5fd1bdaab	derived-control-or-analysis	retain-NLS-CC-BY-where-map-derived-and-project-sidecar
docs/graphics-v2/pipeline-experiments/idea-x-beechwood-compound-focused-control-semantic-mask.png	42499	678017388e9c1457683237900922fc7fe5cdef82a836177ec51baef102a228f0	0e48135a8d69b49867c1de5aaa9f0019b4e71b80	derived-control-or-analysis	retain-NLS-CC-BY-where-map-derived-and-project-sidecar
docs/graphics-v2/pipeline-experiments/idea-x-beechwood-compound-focused-control.png	2401799	577fbf677c8fe607f20f7fa1e77e164a29ff8f4a13de233dc0ce6affd3f6fd48	281eb3e5560c847f878bc5625b63a348da766825	derived-control-or-analysis	retain-NLS-CC-BY-where-map-derived-and-project-sidecar
docs/graphics-v2/pipeline-experiments/idea-x-beechwood-compound-focused-low-camera.png	3530841	4ffd1150e03ee4007a0b069dda509119bf925078cd344a6c2f6116e867978d77	5833f8090560c47584bd3b7e9bfed7e93c89335d	generated-render-or-review-artifact	retain-project-prompt-report-provenance-and-NLS-attribution-where-map-derived
docs/graphics-v2/pipeline-experiments/idea-x-beechwood-w-compound-focused-reference.png	3060742	5f8321d226378113c44eb5b9dc15580c975b79fd94e5dcd07da53551029c92a5	b25d314dfb4d8a384cd585f354b6ac17d3ed1dad	generated-render-or-review-artifact	retain-project-prompt-report-provenance-and-NLS-attribution-where-map-derived
docs/graphics-v2/pipeline-experiments/idea-y-grove-cluster-focused-control-extruded-blockout.png	59953	cd4071f7a84a40e2f11a23926fcb6d0827ed43dd48865eb28164f2420caffc83	f412eb3426bbaa373f53b681e21e3b13194c4fa2	derived-control-or-analysis	retain-NLS-CC-BY-where-map-derived-and-project-sidecar
docs/graphics-v2/pipeline-experiments/idea-y-grove-cluster-focused-control-ink-mask.png	1420009	680ea5135c795c15b4bb837132476224bb36b0942661fffa91bec02f2b56c283	89b11f6590a285b6c393b22d8510be61a49cf168	derived-control-or-analysis	retain-NLS-CC-BY-where-map-derived-and-project-sidecar
docs/graphics-v2/pipeline-experiments/idea-y-grove-cluster-focused-control-linework-control.png	49242	2ef3e9f17ca697055e5f97ef847198c2b14d60a270ebffbedccf6c27c2853336	56b9fe58ae2044cf1a964b89a6381ccedbd8b629	derived-control-or-analysis	retain-NLS-CC-BY-where-map-derived-and-project-sidecar
docs/graphics-v2/pipeline-experiments/idea-y-grove-cluster-focused-control-oblique-ink-warp.png	724220	190cead7167549c084f3b97997bd885a3e535f50b2a870ec02faf3f0aaa7e88e	7e09cb5a73ec7ce17370a346a8ca4f5fa1e90ec4	derived-control-or-analysis	retain-NLS-CC-BY-where-map-derived-and-project-sidecar
docs/graphics-v2/pipeline-experiments/idea-y-grove-cluster-focused-control-oblique-raw-warp.png	1983467	2c4fea425bbcdcba5a6a57488d3b5ac8d2970e4c29f7775e2fa51f6fb7a234f9	72737a89a2b07b567ae9a74239b07566626f72fd	derived-control-or-analysis	retain-NLS-CC-BY-where-map-derived-and-project-sidecar
docs/graphics-v2/pipeline-experiments/idea-y-grove-cluster-focused-control-semantic-mask.png	65330	991e88151b201439387a6d420e2707f08920630855af374b0f19e8a51f786820	d77c13e52364adddc5d1be9e5e64fbfb7b6872c4	derived-control-or-analysis	retain-NLS-CC-BY-where-map-derived-and-project-sidecar
docs/graphics-v2/pipeline-experiments/idea-y-grove-cluster-focused-control.png	2457990	56dcf7fbc4ae99f666c805ea083eb0687b56b3f15c425af73ce34d124efe0b4e	d20e7f6bf7684de3223b01676911b27dd6c54a16	derived-control-or-analysis	retain-NLS-CC-BY-where-map-derived-and-project-sidecar
docs/graphics-v2/pipeline-experiments/idea-y-grove-cluster-focused-low-camera.png	3473443	3354cd75dcfb9f4f64320996d42da8f32b1874cf18421846079cfc23dc14dc9f	c10c272b8bb6ffa0f6ac07aaff91e9634283dcc7	generated-render-or-review-artifact	retain-project-prompt-report-provenance-and-NLS-attribution-where-map-derived
docs/graphics-v2/pipeline-experiments/idea-y-grove-u-style-reference-crop.png	2943362	6fd708b1d89784ec34fe99b1c22cbd16b82cdfe9e01a01528d1d98a070f11237	b08459c5963000f1a984b9c12a06eb202631f93d	generated-render-or-review-artifact	retain-project-prompt-report-provenance-and-NLS-attribution-where-map-derived
docs/graphics-v2/pipeline-experiments/idea-z-beechwood-x-door-roughness-refine.png	3608619	30eeda4105d6c595998edfce79a67baf4fbd98569ede8b041aecf6dc9a6cfa50	7523731a45e2f83a322aab05e9dea27453ee0c95	generated-render-or-review-artifact	retain-project-prompt-report-provenance-and-NLS-attribution-where-map-derived
docs/graphics-v2/pipeline-experiments/idea-z-grove-y-lower-camera-refine.png	3627395	a2f496d09f295663970d817b6a765101f6810193055ce1c648f902a3852fd8b9	557742742814aedb78559cf57e04a3bc129a939b	generated-render-or-review-artifact	retain-project-prompt-report-provenance-and-NLS-attribution-where-map-derived
docs/graphics-v2/pipeline-experiments/map-crop-control-02.png	4636175	fb44d4839dafba085b3c315fac92e16c0f4d2b6fcce69acd942e3473b902621d	3b12bb181917f907d49470b3cb45c9061957ee87	nls-map-source-or-crop	CC-BY-NLS
docs/graphics-v2/pipeline-experiments/map-crop-grove-wide-admin-boundary-test.png	2923072	af9bd579274eac8e0df52b78e72d362e896a27417781645023ae910fbede8fc4	59fbf404b1395d6898b101973ecf6622603e94d4	nls-map-source-or-crop	CC-BY-NLS
